pair_id,sent_id,label,complex,simple,prediction
CD001096,1,rephrase,"Computer reminders achieved a median improvement in process adherence of 4.2% (interquartile range (IQR): 0.8% to 18.8%) across all reported process outcomes, 3.3% (IQR: 0.5% to 10.6%) for medication ordering, 3.8% (IQR: 0.5% to 6.6%) for vaccinations, and 3.8% (IQR: 0.4% to 16.3%) for test ordering.",The reminders improved physician practices by a median of 4%.,"Computer reminders helped healthcare workers follow procedures more closely, improving their adherence by about 4-18% overall, with the biggest gains seen in medication ordering (around a 3-11% improvement) and vaccinations (also around a 3-7% improvement)."
CD001096,3,rephrase,"In the eight comparisons that reported dichotomous clinical endpoints, intervention patients experienced a median absolute improvement of 2.5% (IQR: 1.3% to 4.2%).","In eight of the studies, patients' health improved by a median of 3%.","When comparing two groups, people who received treatment showed an average improvement of about 2.5% in their health outcomes."
CD001096,6,rephrase,"A minority of interventions showed larger effects, but no specific reminder or contextual features were significantly associated with effect magnitude.","Although some studies showed larger benefits than these median effects, no specific reminders or features of how they worked were consistently associated with these larger benefits.","Some treatments had a bigger impact, but nothing we tried made a difference in how well they worked."
CD001096,7,rephrase,Further research must identify design features and contextual factors consistently associated with larger improvements in provider behaviour if computer reminders are to succeed on more than a trial and error basis.,More research is needed to identify what types of reminders work and when.,"To make computer reminders effective beyond just testing them, we need to figure out which specific features and situations lead to the biggest improvements in how healthcare providers behave."
CD006466,1,rephrase,"The oral anticoagulant was a vitamin K antagonist (VKA) in six of these RCTs, and a direct oral anticoagulant (DOAC) in the remaining four RCTs (three studies used apixaban; one used rivaroxaban).","The studies used two types of blood thinner:
- the vitamin K antagonist, warfarin; or
- direct [ER1] oral anticoagulants (specifically, apixaban and rivaroxaban).","In most of these studies, patients were taking medications that prevent blood clots from forming, either by blocking vitamin K or using a newer type of medication like Apixaban."
CD006466,3,rephrase,"Compared to no prophylaxis, vitamin K antagonists (VKAs) probably reduce mortality at six months slightly (risk ratio (RR) 0.93, 95% confidence interval (CI) 0.77 to 1.13; risk difference (RD) 22 fewer per 1000, 95% CI 72 fewer to 41 more; moderate-certainty evidence), and probably reduce mortality at 12 months slightly (RR 0.95, 95% CI 0.87 to 1.03; RD 29 fewer per 1000, 95% CI 75 fewer to 17 more; moderate-certainty evidence).","Compared to no preventative treatment, warfarin, the vitamin K antagonist medicine:
- probably reduces death at 6 months and at 12 months slightly (22 and 29 fewer deaths, respectively, per 1000 people);
- may have little to no effect on formation of blood clots, but we are very uncertain about the results;
- probably increases major bleeding and minor bleeding at 12 months (107 more major bleeds and 167 more minor bleeds per 1000 people).","Taking vitamin K antagonists probably reduces the risk of death at six and twelve months compared to not taking any prevention measures, but the reduction is very small."
CD006466,6,rephrase,"Compared to no prophylaxis, at three to six months, direct oral anticoagulants (DOACs) probably reduce mortality slightly (RR 0.94, 95% CI 0.64 to 1.38, RD 11 fewer per 1000, 95% CI 67 fewer to 70 more; moderate-certainty evidence), probably reduce the risk of pulmonary embolism slightly compared to no prophylaxis (RR 0.48, 95% CI 0.24 to 0.98; RD 24 fewer per 1000, 95% CI 35 fewer to 1 fewer; moderate-certainty evidence), probably reduce symptomatic DVT slightly (RR 0.58, 95% CI 0.30 to 1.15; RD 21 fewer per 1000, 95% CI 35 fewer to 8 more; moderate-certainty evidence), probably do not increase major bleeding (RR 1.65, 95% CI 0.72 to 3.80; RD 9 more per 1000, 95% CI 4 fewer to 40 more; moderate-certainty evidence), and may increase minor bleeding (RR 3.58, 95% CI 0.55 to 23.44; RD 55 more per 1000, 95% CI 10 fewer to 482 more; low-certainty evidence).","Compared to no preventative treatment, direct oral anticoagulant medicines:
- probably reduce death at 3 to 6 months slightly (11 fewer deaths per 1000 people);
- probably reduce blood clots in the lungs and legs slightly (24 fewer in the lungs and 19 fewer in the legs per 1000 people);
- probably do not increase major bleeding (9 more major bleeds per 1000 people);
- may increase minor bleeding (55 more minor bleeds per 1000 people).","Taking blood thinners called DOACs for three to six months probably reduces the risk of dying from a blood clot by a small amount. It also slightly lowers the chance of getting a serious blood clot in the lungs or legs, but may increase the risk of minor bleeding problems like bruising or swelling."
CD006466,9,ignore,Editorial note: this is a living systematic review.,Editorial note: this is a living systematic review.,This study is being regularly updated to include new and emerging research on its topic.
CD006466,10,ignore,"Living systematic reviews offer a new approach to review updating in which the review is continually updated, incorporating relevant new evidence, as it becomes available.","Living systematic reviews offer a new approach to review updating in which the review is continually updated, incorporating relevant new evidence as it becomes available.",Regularly updated summaries of existing research can now be done more efficiently by continuously adding new findings as they become available.
CD006466,11,ignore,Please refer to the 'What's new' section in the  Cochrane Database of Systematic Reviews for the current status of this review.,Please refer to the 'What's new' section on the Cochrane Database of Systematic Reviews for the current status of this review.,"For the latest updates on this review, check the ""What's New"" section in the Cochrane Database of Systematic Reviews."
CD003416,0,rephrase,We included 17 RCTs in the review (2505 women).,We found 17 randomised controlled trials with a total of 2505 participants.,"We looked at 17 studies involving over 2,500 women."
CD003416,2,ignore,A majority of the studies had low numbers of participants.,A majority of the studies had low numbers of participants.,Most of the research involved small groups of people.
CD003416,3,ignore,None of the trials compared repeated single embryo transfer (SET) with multiple embryo transfer.,None of the trials compared repeated single embryo transfer (SET) with multiple embryo transfer.,Most studies didn't compare transferring just one embryo at a time to transferring more than one embryo.
CD003416,4,ignore,Reported results of multiple embryo transfer below refer to double embryo transfer.,Reported results of multiple embryo transfer below refer to double embryo transfer.,"When referring to experiments where two embryos were transferred, the results are described here."
CD003416,5,rephrase,"Repeated single embryo transfer versus multiple embryo transfer in a single cycle
Repeated SET was compared with double embryo transfer (DET) in four studies of cleavage-stage transfer.","Repeated single embryo transfer versus multiple embryo transfer in a single cycle
Based on low-quality evidence, there was no indication that overall live birth and clinical pregnancy rates differed substantially when repeated SET (either two cycles of single embryo transfer or one cycle of single embryo transfer followed by transfer of a single frozen embryo) was compared with double embryo transfer (DET).","When trying to get pregnant, is it better to put just one fertilized egg into the womb at a time or two?"
CD003416,8,rephrase,"This suggests that for a woman with a 42% chance of live birth following a single cycle of DET, the repeated SET would yield pregnancy rates between 34% and 46%.","For a woman with a 42% chance of live birth following a single cycle of DET, the chance following repeated single embryo transfer would be between 34% and 46%.","If a woman has a 42% chance of getting pregnant after one round of treatment called DET, repeating another type of treatment called SET could give her a pregnancy rate between 34% and 46%."
CD003416,12,rephrase,There may be little or no difference in the miscarriage rate between the two groups.,The chance of miscarriage rate is similar between the two groups.,The number of women who have a miscarriage is likely to be about the same for both groups.
CD003416,13,rephrase,"Single versus multiple embryo transfer in a single cycle
A single cycle of SET was compared with a single cycle of DET in 13 studies, 11 comparing cleavage-stage transfers and three comparing blastocyst-stage transfers.One study reported both cleavage and blastocyst stage transfers.","Single versus multiple embryo transfer in a single cycle
We found low-quality evidence that the rates of live birth and clinical pregnancy (CPR) were lower after one cycle of fresh SET compared with the outcome of one cycle of fresh DET.",Researchers compared the success rates of transferring one embryo at a time versus multiple embryos at once during a single fertility treatment cycle.
CD003416,15,rephrase,"Thus, for a woman with a 46% chance of live birth following a single cycle of DET, the chance following a single cycle of SET would be between 27% and 35%.","For a woman with a 46% chance of live birth following one cycle of DET, the chance following one cycle of SET was between 27% and 35%.","For a woman who has tried to get pregnant using a specific treatment called DET, her chances of getting pregnant using another treatment called SET are between 27% and 35%."
CD003416,17,rephrase,"This suggests that for a woman with a 15% risk of multiple pregnancy following a single cycle of DET, the risk following a single cycle of SET would be between 2% and 4%.","However, the risk of multiple pregnancy was higher after DET.","If a woman has a 15% chance of having twins after using a certain fertility treatment called DET, she likely has a 2-4% chance of having twins if she uses a different treatment called SET instead."
CD003416,19,rephrase,There may be little or no difference in the miscarriage rate between the two groups.,There was no difference in the chance of miscarriage between the two groups.,The number of women who have a miscarriage is likely to be about the same for both groups.
CD003416,20,split,"Although DET achieves higher live birth and clinical pregnancy rates per fresh cycle, the evidence suggests that the difference in effectiveness may be substantially offset when elective SET is followed by a further transfer of a single embryo in fresh or frozen cycle, while simultaneously reducing multiple pregnancies, at least among women with a good prognosis.","While live birth and clinical pregnancy was lower following SET compared to DET after single fresh cycle, there was no difference between overall live birth rate and CPR following consecutive SET versus a single cycle of DET. However, the multiple pregnancy rate is much lower following SET compared to DET. Most of the evidence currently available concerns younger women with a good prognosis.","Even though DET (a fertility treatment) has better success rates for getting pregnant and having a baby per attempt, the benefits may be cancelled out if women who have already had one embryo transferred go on to transfer another embryo later, but this approach also reduces the number of multiple pregnancies."
CD003416,21,ignore,"The quality of evidence was low to moderate primarily due to inadequate reporting of study methods and absence of masking those delivering, as well as receiving the interventions.","The quality of evidence was low to moderate primarily due to inadequate reporting of study methods and absence of masking those delivering, as well as receiving the interventions.",The research findings are not very reliable because the studies didn't clearly explain their methods and the people giving or getting the treatments didn't know who was getting what.
CD001912,0,rephrase,"We included four studies, with a total of 401 randomised participants aged zero to seven years on enrolment; one study is ongoing.",The review includes four studies with 401 children; there were no adult studies.,We looked at four research studies involving a total of 401 children between the ages of zero and seven who were randomly chosen for the studies.
CD001912,1,rephrase,"The two older included studies generally had a higher risk of bias across all domains, but in particular due to a lack of blinding and incomplete outcome data, than the two more recent studies.",We judged that the two older studies had a higher risk of bias overall compared to the two newer studies.,Two older studies were less reliable because they didn't properly hide who was getting the treatment or report all the results.
CD001912,2,rephrase,"We only regarded the most recent study as being generally free of bias, although even here we were not certain of the effect of the per protocol analysis on the study results.","Only the newest study seemed to be free of bias, although even here we were not certain if the study results were distorted by the way the data were analysed.","Even among the studies that seemed unbiased, we couldn't be sure if changing how they analyzed their data would change the overall conclusions."
CD001912,3,split,Evidence quality was judged to be low for all outcomes assessed after being downgraded based on GRADE assessments.,"Overall, the quality of the evidence was concerning. All the studies were of variable quality and we judged the quality of the evidence to be low for the outcomes we assessed.",The reliability of our findings was considered poor because we had to lower their credibility based on a review of the available evidence.
CD001912,8,rephrase,"As the studies reviewed lasted six years or less, conclusions cannot be drawn about the long-term effects of prophylaxis.","Since none of the studies lasted longer than six years, we can't draw any conclusions about long-term use.",The researchers couldn't determine what happens to people over a long period after they receive preventative treatment because their study only looked at short-term results.
CD001912,9,rephrase,"Anti-staphylococcal antibiotic prophylaxis may lead to fewer children having isolates of Staphylococcus aureus, when commenced early in infancy and continued up to six years of age.",The review found some low-quality evidence that giving regular antibiotics to young children (continued up to six years of age) may lead to fewer infections with Staphylococcus aureus.,Giving antibiotics to babies from a young age can reduce the number of kids who get infected with a type of bacteria called Staphylococcus aureus.
CD001912,11,rephrase,"Further research may establish whether the trend towards more children with CF with Pseudomonas aeruginosa, after four to six years of prophylaxis, is a chance finding and whether choice of antibiotic or duration of treatment might influence this.","Future research should seek more fully to address whether this treatment reduces, increases or has no effect on subsequent rates of infection with Pseudomonas aeruginosa and look at patterns of antibiotic resistance and survival.",More studies are needed to determine if it's just a coincidence that some kids with cystic fibrosis are getting infected with Pseudomonas bacteria after four to six years of preventive antibiotics.
CD011054,1,rephrase,We included 28 publications reporting on 24 studies.,"In total, 28 articles on 24 unique studies met the inclusion criteria.","We looked at 28 research papers, which described a total of 24 different experiments."
CD011054,3,rephrase,The risks did not vary clearly according to the generation of progestagen or according to progestagen type.,The risk did not vary clearly according to progestagen type.,There was no clear difference in risk based on the type of hormone used.
CD011054,4,rephrase,"When we stratified preparations according to estrogen dose, the risk of myocardial infarction or ischemic stroke seemed to increase with higher doses of estrogen.","However, we found that the risk of arterial thrombosis seemed to be twice as high in women taking pills with higher doses of estrogen.","Taking different amounts of estrogen, we found that the higher the dose, the greater the risk of heart attack or stroke."
CD011054,5,rephrase,This meta-analysis showed that the risk of myocardial infarction or ischemic stroke was 1.6-fold increased in women using COCs .,Our results showed that the overall risk of arterial thrombosis was was 1.6-fold increased in women using oral contraceptive pills compared with women who did not use oral contraceptive pills.,"Women who use birth control pills are more likely to have a heart attack or a stroke, with their risk being about 60% higher than for other women."
CD011054,7,rephrase,"When combined with the results of studies on the risk of venous thrombosis in COC users, it seems that the COC pill containing levonorgestrel and 30 µg of estrogen is the safest oral form of combined oral hormonal contraception.",It is likely that the COC pill containing levonorgestrel and 30 µg of estrogen is the safest oral form of combined oral hormonal contraception.,The birth control pill that contains a small amount of estrogen (30 micrograms) and the hormone levonorgestrel appears to be the safest type of birth control pill.
CD010306,2,rephrase,"Changing task characteristics
One study with 961 teachers in eight schools compared a task-based organisational change intervention along with stress management training to no intervention.","Changes in tasks of teachers
In one study with 961 teachers in eight schools, changes in tasks of teachers combined with stress management training resulted in a small reduction in work stress levels after one year follow-up compared to no intervention.","Researchers studied how changing the way teachers work and teaching methods can help reduce stress, by comparing two groups: one that received training on new ways of working and managing stress, and another group that didn't receive any special training."
CD010306,4,rephrase,"Changing organisational characteristics
Two studies compared teacher training combined with school-wide coaching support to no intervention.","Changing organisational features
There were two studies of school-wide coaching support combined with teacher training.","Researchers compared two different approaches to helping teachers improve their skills: providing them with extra training and support, versus doing nothing."
CD010306,5,rephrase,"One study with 59 teachers in 43 schools found no significant effects on job-related anxiety (MD -0.25 95% CI -0.61 to 0.11, very low-quality evidence) or depression (MD -0.26 95% CI -0.57 to 0.05, very low-quality evidence) after 24 months.","In one study with 43 schools and 59 participating teachers, there was no considerable effect on anxiety or depression after two years follow-up compared to no intervention.",A study of 59 teachers in 43 schools found no significant reduction in anxiety or depression after two years.
CD010306,6,rephrase,"The other study with 77 teachers in 18 schools found no significant effects on the Maslach Burnout Inventory subscales (e.g. emotional exhaustion subscale: MD -0.05 95% CI -0.52 to 0.42, low-quality evidence) or the Teacher Perceived Emotional Ability subscales (e.g. regulating emotions subscale: MD 0.11 95% CI -0.11 to 0.33, low-quality evidence) after six months.","In the other study with 18 schools and 77 participating teachers, there was no considerable effect on burnout or emotional ability after six months follow-up compared to no intervention.",A study with 77 teachers in 18 schools found no improvement in their emotional well-being or ability to manage stress over a period of six months.
CD010306,7,rephrase,"Multi-component intervention
One study with 1102 teachers in 34 schools compared a multi-component intervention containing performance bonus, job promotion opportunities and mentoring support to a matched-comparison group consisting of 300 schools.","Multicomponent programme
In one study with 34 schools and 1102 teachers, the intervention included performance bonus pay, job promotion opportunities and mentoring.","A research project involving over 1,100 teachers from 34 different schools tested the effectiveness of a program that included rewards for good performance, career advancement opportunities, and guidance from experienced mentors."
CD010306,9,rephrase,"However, the authors reported results only from one cohort out of four (eight schools), demonstrating a high risk of reporting bias.","However, authors reported results only for eight schools.","The researchers only looked at data from one group of people, which makes it likely that their findings were influenced by how they chose to report the information."
CD010306,10,rephrase,We found low-quality evidence that organisational interventions lead to improvements in teacher wellbeing and retention rates.,The quality of the evidence was low for all interventions because the authors did not report all the results and lost many participants for follow-up.,Our research shows that helping schools as a whole can improve teachers' mental health and reduce the number of teachers who leave their jobs.
CD010306,11,rephrase,We need further evaluation of the effects of organisational interventions for teacher wellbeing.,We need better-designed research in the development and testing of work changes in schools.,"""We should study how workplace changes can improve teachers' mental health and well-being."""
CD010306,12,rephrase,"These studies should follow a complex-interventions framework, use a cluster-randomised design and have large sample sizes.",These studies should also have several hundred participants.,"Researchers should conduct these studies using a special approach to account for multiple treatments or interventions, randomly select groups of participants, and include a large number of people."
CD010525,0,ignore,We did not identify any eligible new studies for this update.,We did not find any eligible new studies for this update.,"""We didn't find any new research to include in this update."""
CD010525,1,rephrase,Two studies with a combined total of 288 participants met the inclusion criteria for this review.,The review includes the original two studies with a combined total of 288 participants.,Two studies involving a total of 288 people were chosen to be included in this review.
CD010525,2,rephrase,"Unfractionated heparin compared to low molecular weight heparin
One study compared unfractionated heparin with low molecular weight heparin and found no evidence of a difference between the treatments in the prevention of DVT (odds ratio (OR) 1.23, 95% confidence interval (CI) 0.28 to 5.35; 75 participants; very low-certainty evidence).",We found no evidence of a difference between unfractionated heparin and low molecular weight heparin in the prevention of DVT.,"Researchers compared two types of blood thinners, unfractionated heparin and low molecular weight heparin, and found no difference in preventing a common type of blood clot called DVT."
CD010525,3,rephrase,No bleeding events occurred in either group.,None of the participants reported any bleeding.,There were no cases of bleeding in either group.
CD010525,6,rephrase,"Additionally, the study did not report the method of randomisation, so the risk of selection bias was unclear.",It is unclear if other bias was introduced because the study did not adequately describe the process of randomly allocating treatment.,"The study didn't explain how participants were chosen for the experiment, making it hard to know if some people might have been unfairly selected."
CD010525,7,rephrase,"Heparin compared to placebo
In the second study, there was no evidence of a benefit from heparin use in preventing PE when compared to placebo (OR 0.84, 95% CI 0.35 to 2.01; 134 participants; low-certainty evidence).","The second study found no evidence of a benefit for heparin compared with placebo in preventing a PE, whether the amputation was above or below the knee.",A study found that taking heparin did not help prevent blood clots in the lungs as much as a dummy treatment when compared to nothing at all.
CD010525,10,rephrase,"Bleeding events were reported in less than 10% of participants in both treatment groups, but the study did not present specific data (low-certainty evidence).","Bleeding occurred in less than 10% of each treatment group, but the study authors did not report specific numbers and therefore we could not analyse this.",Only a small number of people in each group experienced bleeding problems.
CD010525,14,rephrase,No study looked at mechanical prophylaxis.,"No study looked at mechanical forms of preventing VTE, such as compression devices, and therefore it is not possible to make any conclusions about these.","""No research has examined using devices to prevent blood clots."""
CD010525,16,rephrase,"As we only included two studies in this review, each comparing different interventions, there is insufficient evidence to make any conclusions regarding the most effective thromboprophylaxis regimen in people undergoing lower limb amputation.",This review found that there are too few trials to determine the most effective strategy in preventing VTE in people undergoing amputation of the lower limb.,We can't be sure which treatment works best for preventing blood clots in people who have had a leg amputated because we only looked at two studies that compared different treatments.
CD010525,17,rephrase,Further large-scale studies of good quality are required.,Further good quality and large-scale studies are required.,More high-quality research with a lot of participants is needed.
CD010283,0,rephrase,"Seven randomised trials were included, four of which reported usable data on 472 children with asthma one to 18 years of age who were admitted to paediatric wards.","In reviewing evidence available until November 2013, we found seven eligible studies of children hospitalised with acute asthma; four of these studies (472 children one to 18 years of age) contributed data to the review.",Four studies looked at data from 472 kids between 1 and 18 years old who had asthma and were in the hospital.
CD010283,3,ignore,Two of four trials (50%) contributing data were deemed of high methodological quality.,Two of four trials (50%) contributing data were deemed of high methodological quality.,"Out of the four studies, two had good research methods."
CD010283,6,rephrase,"No statistically significant group difference was noted in other secondary outcomes, including the need for supplemental asthma therapy, time to short-acting β2-agonists spaced at four hours or longer, asthma clinical scores, lung function and overall withdrawals for any reason.","No statistically significant group difference was noted in other markers of response to therapy, that is, the need for supplemental asthma therapy, time to short-acting beta2-agonists spaced at four hours or longer, asthma clinical scores, lung function and overall withdrawals for any reason.","There were no significant differences found in other important outcomes related to asthma treatment, such as needing extra medication, how quickly symptoms returned, or the severity of symptoms."
CD010283,7,rephrase,"In children hospitalised for an acute asthma exacerbation, no evidence of benefit for length of hospital stay and other markers of response to therapy was noted when nebulised anticholinergics were added to short-acting β2-agonists.","No apparent benefit is derived from adding anticholinergics to beta2-agonists in children hospitalised for an acute asthma exacerbation, that is, beyond initial treatment in the emergency department.","When kids with severe asthma attacks are given a special medicine in addition to their regular treatment, it doesn't seem to help them get better or leave the hospital any faster."
CD010283,8,ignore,"No adverse health effects were reported, yet the small number of trials combined with inadequate reporting prevent firm reassurance regarding the safety of anticholinergics.","No adverse health effects were reported, yet the small number of trials combined with inadequate reporting prevents firm reassurance regarding the safety of anticholinergics.",There's no proof that anticholinergics are safe because there aren't enough studies and they're not described clearly.
CD010283,9,rephrase,"In the absence of trials conducted in ICUs, no conclusion can be drawn regarding children with impending respiratory failure.","In the absence of trials conducted in the intensive care unit (ICU), no conclusion can be drawn regarding children with very severe exacerbations who are admitted to the ICU.",We can't know how well treatments work for kids who are about to stop breathing because there haven't been any studies done on this specific situation.
CD010283,10,rephrase,These findings support current national and international recommendations indicating that healthcare practitioners should refrain from using anticholinergics in children hospitalised for acute asthma.,Our findings support the ongoing recommendations provided by national and international guidelines.,"Doctors should avoid giving certain medicines to kids who are hospitalized with severe asthma attacks, as recommended by health experts worldwide."
CD013879,0,rephrase,We included 220 studies.,"We found 220 studies that reported relevant information, but the quality of the information was often poor.",We looked at data from 220 different research projects.
CD013879,1,rephrase,Most of the studies originated from China (47.7%) or the USA (20.9%); 9.5% were from Italy.,Studies were mostly from China and the USA.,"Most of the research came from China and the United States, with a smaller number coming from Italy."
CD013879,5,rephrase,"This systematic literature review indicates that cardiometabolic comorbidities are common in people who are hospitalised with a COVID-19 infection, and cardiovascular complications are frequent.","We found that high blood pressure, diabetes and heart disease are very common in people hospitalised with COVID-19 and are associated with an increased risk of death.","People who get very sick from COVID-19 often have other health problems like high blood pressure or diabetes, and they're also more likely to develop heart-related issues."
CD013879,6,rephrase,We plan to update this review and to conduct a formal meta-analysis of outcomes based on a more homogeneous selected subsample of high-certainty studies.,We plan to update this review.,We will update this review by looking at only the most reliable studies and combining their results in a special statistical analysis.
CD006005,0,rephrase,"Four trials, recruiting 136 participants, were included.",We found only four randomised clinical trials that compared different prophylactic regimens in 136 participants.,Four studies with a total of 136 people took part.
CD006005,1,rephrase,Two trials compared lamivudine alone versus HBIg alone.,None of the trials compared the same prophylaxis regimen.,"Researchers tested two treatments separately: one using a medication called lamivudine, and the other using an immune system booster called HBIg."
CD006005,4,rephrase,Statistically significant differences were not detected in any of the comparisons and outcomes.,"In each individual trial no significant differences were detected with regard to patients' survival after transplantation, HBV recurrence, or the recurrence of liver disease.",We didn't find any important differences between the groups we compared.
CD006005,7,rephrase,This review could not derive clear evidence from randomised clinical trials for the treatment of patients with chronic HBV following liver transplantation for preventing recurrence of HBV infection.,Prevention of HBV recurrence following liver transplantation is currently non-evidence based.,Researchers couldn't find enough proof from studies to show that a certain treatment helps prevent hepatitis B from coming back in people who had a liver transplant and already have hepatitis B.
CD006005,8,rephrase,"Large randomised clinical trials comparing long-term combination treatment to each of the monotherapy alone, including the newer antiviral drugs, are needed.",Randomised clinical trials are needed to examine this practice.,More big studies are needed to compare how well a combination of medicines works compared to giving just one medicine by itself.
CD001775,0,rephrase,Two published trials were identified that randomised a total of 119 people.,The author identified two small randomised controlled studies (with a total of 119 participants); one in France and one in Germany.,Two studies found participants for a total of 119 people.
CD001775,4,rephrase,Both trials reported some positive effects of Ginkgo biloba on vision however their results could not be pooled.,"Although both trials reported some positive effects of Ginkgo biloba on vision, the trials were small and of short duration.","Two studies found that Ginkgo biloba may help with vision, but they couldn't combine their results because the findings were different."
CD001775,5,rephrase,Adverse effects and quality of life for people with AMD were not reported.,Adverse effects and quality of life were not assessed.,People with age-related vision loss did not report any negative side effects or problems with their daily lives.
CD001775,6,rephrase,The question as to whether people with AMD should take Ginkgo biloba extract to prevent progression of the disease has not been answered by research to date.,The overall conclusion of this review is that current research has not answered the question as to whether Ginkgo biloba is of benefit to people with AMD.,Researchers haven't found out if taking a supplement called Ginkgo biloba can stop age-related vision loss from getting worse.
CD001775,9,rephrase,"Future trials should be larger, and last longer, in order to provide a more robust measure of the effect of Gingko biloba extract on AMD.",Future trials need to include a larger number of participants and be conducted over a longer time.,Future studies should be bigger and last longer to get a clearer picture of how well Gingko biloba helps people with age-related vision loss.
CD008984,0,rephrase,"We included 35 trials (13,872 adult participants).","We included 35 trials involving 13,872 adult participants, all of whom were randomized to either receive nitrous oxide or no nitrous oxide.","We looked at data from 35 studies involving a total of over 13,000 adults."
CD008984,4,rephrase,"The results of meta-analyses showed that nitrous oxide-based techniques increased the incidence of pulmonary atelectasis (odds ratio (OR) 1.57, 95% confidence interval (CI) 1.18 to 2.10, P = 0.002), but had no effects on the inhospital case fatality rate, the incidence of pneumonia, myocardial infarction, stroke, severe nausea and vomiting, venous thromboembolism, wound infection, or the length of hospital stay.",We found that general anaesthesia with nitrous oxide increased the risk of pulmonary atelectasis (i.e. failure of the lungs to expand fully).,"Using nitrous oxide during medical procedures increased the risk of lung collapse, but did not affect other serious complications like heart attacks, strokes, or infections."
CD008984,5,rephrase,"The sensitivity analyses suggested that the results of the meta-analyses were all robust except for the outcomes of pneumonia, and severe nausea and vomiting.","When we restricted the results to the highest quality studies only, we found evidence that nitrous oxide may potentially increase the risk of pneumonia and severe nausea and vomiting.","Our analysis showed that most of our findings are reliable, but there's a problem with three specific results: they don't hold up when it comes to people getting sick with pneumonia or experiencing severe nausea and vomiting."
CD008984,7,rephrase,Both trials reported that nitrous oxide-based techniques had no effects on the length of ICU stay.,"However, nitrous oxide had no effect on the patients' survival, the incidence of heart attack, stroke, wound infection, the occurrence of blood clots within veins, the length of hospital stay, or the length of intensive care unit stay.",Nitrous oxide treatments did not affect how long patients stayed in the intensive care unit.
CD008984,8,split,"We rated the quality of evidence for two outcomes (pulmonary atelectasis, myocardial infarction) as high, four outcomes (inhospital case fatality rate, stroke, venous thromboembolism, length of hospital stay) as moderate, and three (pneumonia, severe nausea and vomiting, wound infection rate) as low.","The evidence related to some harmful effects, such as failure of the lungs to expand fully and heart attack, was of high quality, while for other harmful effects, such as stroke and the occurrence of blood clots within veins, the evidence was of moderate quality. For others, such as pneumonia, severe nausea and vomiting, and wound infection, the evidence was of low quality. The evidence related to the length of time spend in hospital was of moderate quality.","We judged the strength of evidence for two serious health problems (lung collapse and heart attack) to be strong, four other issues (death in the hospital, stroke, blood clots, and how long patients stay in the hospital) to be somewhat reliable, and three more (pneumonia, severe nausea and vomiting, and wound infections) to have weak evidence."
CD008984,9,rephrase,"Given the evidence from this Cochrane review, the avoidance of nitrous oxide may be reasonable in participants with pre-existing poor pulmonary function or at high risk of postoperative nausea and vomiting.",The avoidance of nitrous oxide may be reasonable in participants with pre-existing poor pulmonary function or at high risk of postoperative nausea and vomiting.,"Based on the evidence from this study, people with breathing problems or who are prone to feeling sick after surgery might want to avoid using a certain gas called nitrous oxide."
CD008860,0,rephrase,We included three trials (four interventions) involving 196 participants with stroke and co-morbid anxiety.,We found three studies with 196 stroke survivors who had received a diagnosis of anxiety.,We looked at three studies that involved a total of 196 people who had suffered a stroke and were also experiencing anxiety.
CD008860,3,rephrase,"The second trial randomised 81 participants with co-morbid anxiety and depression to paroxetine, paroxetine plus psychotherapy, or standard care.","One study reported that participants were less anxious when treated with an antidepressant medicine (paroxetine), or with paroxetine and psychotherapy, than with standard care.","In a study, 81 people who had both anxiety and depression were randomly assigned to take either the medication paroxetine, receive paroxetine plus therapy, or just regular treatment."
CD008860,7,split,"Half of the participants receiving paroxetine experienced adverse events that included nausea, vomiting, or dizziness; however, only 14% of those receiving buspirone experienced nausea or palpitations.","This study reported that half of the participants receiving paroxetine experienced side effects that included nausea, vomiting, or dizziness. The third study also reported that participants were less anxious when treated with an antidepressant (buspirone hydrochloride) than with standard care, and only 14% of those receiving buspirone hydrocholoride reported nausea or palpitations.","People taking paroxetine were more likely to have side effects like feeling sick, throwing up, or dizzy, compared to people taking buspirone, who mostly just felt queasy."
CD008860,10,rephrase,The quality of the evidence was very low.,We judged that the quality of this evidence was very low.,We don't have enough reliable information to be sure about this.
CD008860,11,split,"Each study included a small number of participants, particularly the study of relaxation therapy.","Studies were few and each included a small number of participants. The study of relaxation therapy was very small, with loss of two participants who used the CD, and the study recruitment process may have attracted participants who had a positive bias towards psychological therapies.","Most studies involved only a few people, including one that looked at the effects of relaxation techniques."
CD008860,14,ignore,Evidence is insufficient to guide the treatment of anxiety after stroke.,Current evidence is insufficient to guide the treatment of anxiety after stroke.,We don't have enough evidence to know what's the best way to treat anxiety in people who have had a stroke.
CD008860,15,rephrase,Further well-conducted randomised controlled trials (using placebo or attention controls) are required to assess pharmacological agents and psychological therapies.,Additional well-conducted randomised trials are needed.,More studies with a control group are needed to see if certain medicines and talk therapies really work.
CD000406,0,split,"We identified 21 trials and included three, reporting results from 131 participants lasting between three months and one year.",This review includes three randomised controlled trials with a total of 131 participants and two of them only included children. The trials lasted between three months and one year.,"We found 21 studies and looked at three of them, which involved a total of 131 people who were followed for anywhere from three months to a year."
CD000406,1,rephrase,Two trials compared supplements to additional nutritional advice and one to no intervention.,Two of the trials compared supplements to dietary advice and one compared supplements to no advice.,"Two studies looked at whether taking extra vitamins or getting nutrition advice made a difference, while another study did nothing."
CD000406,2,rephrase,Two of the included trials recruited only children.,"In one of these two trials, we further thought it was likely that the person recruiting them to the trial knew which group the participant would be in.",Some of the studies involved only kids.
CD000406,3,rephrase,"In one trial the risk of bias was low across all domains, in a second trial the risk of bias was largely unclear and in the third mainly low.",One of the trials appeared to be well run and the risk of bias was low for all the aspects of trial design that we assessed; so we do not think any bias will influence the results in a negative way.,"Three studies were reviewed for bias. One study had very little bias, another had unclear results, and the last one also had relatively little bias."
CD000406,6,rephrase,"There were no significant differences between people receiving supplements or dietary advice alone for change in weight, height, body mass index, z score or other indices of nutrition or growth.",There were no major differences between people receiving supplements or just dietary advice for any nutritional or growth measurements.,"People who got supplements or just advice on what to eat didn't have a significant difference in their weight, height, or how healthy they were compared to each other."
CD000406,9,rephrase,"There were no significant differences between the groups for anthropometric measures of body composition, lung function, gastro-intestinal adverse effects or activity levels.","This was also true for measures of body composition, lung function, adverse effects on the digestive system or people's levels of activity.","""There was no difference in how healthy each group's bodies were, including their weight, breathing ability, and any stomach problems."""
CD000406,10,rephrase,"Moderate quality evidence exists for the outcomes of changes in weight and height and low quality evidence exists for the outcomes of change in total calories, total fat and total protein intake as results are applicable only to children between the ages of 2 and 15 years and many post-treatment diet diaries were not returned.","We judged the quality of the evidence for the changes in weight and height to be moderate, but judged the quality of the evidence for the changes in total calories, total fat and total protein intake as low since results are applicable only to children aged between 2 and 15 years; also many post-treatment diet diaries were not returned to the investigators.","There's some evidence that shows how changes in weight and height affect kids aged 2-15. However, it's harder to tell what happens when kids change their calorie, fat, or protein intake because not enough parents sent back the diet records after treatment."
CD000406,11,ignore,Evidence for the rate of adverse events in the treatment groups was extremely limited and judged to be of very low quality,Evidence for the rate of adverse events in the treatment groups was extremely limited and judged to be of very low quality.,There wasn't enough good evidence to show how often bad things happened in the groups that received different treatments.
CD000406,12,rephrase,Oral calorie supplements do not confer any additional benefit in the nutritional management of moderately malnourished children with cystic fibrosis over and above the use of dietary advice and monitoring alone.,Advice and monitoring appear to be enough to manage the diet of moderately malnourished children.,"Giving extra calories to eat through a drink does not help kids with cystic fibrosis who are slightly underweight, unless they also get guidance on what to eat."
CD010696,0,rephrase,"We included 17 studies, with a total of 1025 participants; 12 studies were published (567 patients) and five were unpublished (458 patients).","We included 17 studies, with a total of 1025 participants.","We looked at 17 research studies involving a total of 1,025 people. Twelve of these studies had been published, which included data from 567 patients, while the remaining five studies had not been made public, but still involved 458 participants."
CD010696,1,rephrase,Sixteen studies including 953 people compared betahistine with placebo.,Sixteen studies including 953 people compared betahistine with placebo; the studies were at high to unclear risk of bias.,Sixteen research studies involving a total of 953 participants compared a medication called betahistine to a dummy treatment.
CD010696,2,ignore,All studies with analysable data lasted three months or less.,All studies with analysable data lasted three months or less.,The studies that had usable data all lasted three months or less.
CD010696,4,ignore,"One study, at high risk of bias, included 72 people with benign paroxysmal positional vertigo (BPPV) and compared betahistine with placebo; all patients also had particle repositioning manoeuvres.","One study, at high risk of bias, included 72 people with benign paroxysmal positional vertigo (BPPV) and compared betahistine with placebo; all patients also had particle repositioning manoeuvres.","A study looked at 72 people who were experiencing a type of dizziness called BPPV, and tested whether the medication betahistine was more effective than a dummy treatment in helping them feel better."
CD010696,5,ignore,"The studies varied considerably in terms of types of participants, their diagnoses, the dose of betahistine and the length of time it was taken for, the study methods and the way any improvement in vertigo symptoms was measured.","The studies varied considerably in terms of types of participants, their diagnoses, the dose of betahistine and the length of time the drug was taken for, the study methods and the way any improvement in vertigo symptoms was measured.","The different studies had varying groups of people with different conditions, used different amounts of a medication called betahistine, and measured improvements in dizziness symptoms in different ways."
CD010696,6,rephrase,"Using the GRADE system, we judged the quality of evidence overall to be low for two outcomes (proportion of patients with improvement and proportion with adverse events).",We judged the quality of evidence overall to be low.,We rated the reliability of the evidence as weak for two important results: how many patients got better and how many had bad side effects.
CD010696,7,rephrase,"Pooled data showed that the proportion of patients reporting an overall reduction in their vertigo symptoms was higher in the group treated with betahistine than the placebo group: risk ratio (RR) 1.30, 95% confidence interval (CI) 1.05 to 1.60; 606 participants; 11 studies).","When all studies are taken together, the proportion of patients reporting a reduction of their vertigo symptoms was significantly higher in the betahistine group than in the placebo group.",People who took a medication called betahistine were more likely to feel better from their vertigo symptoms than those who didn't take it.
CD010696,8,rephrase,This result should be interpreted with caution as the test for statistical heterogeneity as measured by the I2 value was high.,"However, there was significant variability in the results of the studies so this result should be treated with caution.","The results of this study are uncertain because there's a lot of variation in the data, making it hard to draw conclusions."
CD010696,9,rephrase,"Adverse effects (mostly gastrointestinal symptoms and headache) were common but medically serious events in the study were rare and isolated: there was no difference in the frequency of adverse effects between the betahistine and placebo groups, where the rates were 16% and 15% respectively (weighted values, RR 1.03, 95% CI 0.76 to 1.40; 819 participants; 12 studies).",The proportion of patients reporting side effects of the medication was similar in both groups: 16% in the betahistine groups and 15% in the placebo groups.,"Most people in the study experienced some minor side effects like stomach problems or headaches, but serious problems were rare and happened equally often in both groups taking betahistine and a placebo."
CD010696,10,rephrase,"Sixteen per cent of patients from both the betahistine and the placebo groups withdrew (dropped out) from the studies (RR 0.96, 95% CI 0.65 to 1.42; 481 participants; eight studies).","Overall, 16% of patients of both groups withdrew from the studies.","About 16% of people in both the treatment group and the control group stopped participating in the studies. Note: * ""Betahistine"" is a medical term that has been replaced with ""treatment group"". * ""Placebo groups"" is self-explanatory, so it remains unchanged. * ""Withdraw (dropped out)"" is used to convey the idea of participants stopping their involvement in the study. * The statistical details (RR 0.96, 95% CI 0.65 to 1.42) have been removed as they are not essential for understanding the main finding, which is that a similar percentage"
CD010696,13,rephrase,Low quality evidence suggests that in patients suffering from vertigo from different causes there may be a positive effect of betahistine in terms of reduction in vertigo symptoms.,Low quality evidence suggests that patients suffering from vertigo from different causes may have some benefit from betahistine in terms of reduction in vertigo symptoms.,"Research shows that for people with dizziness caused by various reasons, taking betahistine might help reduce their symptoms."
CD010696,14,rephrase,Betahistine is generally well tolerated with a low risk of adverse events.,Betahistine is generally well tolerated.,Most people who take betahistine don't experience any serious side effects.
CD010696,15,ignore,Future research into the management of vertigo symptoms needs to use more rigorous methodology and include outcomes that matter to patients and their families.,Future research into the management of vertigo symptoms needs to use more rigorous methodology and include outcomes that matter to patients and their families.,"To better understand how to help people with vertigo, future studies should be designed carefully and focus on results that are important to those affected."
CD008887,1,rephrase,All studies had methodological shortcomings that placed them at high or unclear risk of bias.,There were only three studies available and all three were small and at high risk of bias.,"Most of these studies were flawed, which makes it hard to trust their results."
CD008887,2,rephrase,"Because of this high risk of bias, imprecise results and likelihood of publication bias, we judged the quality of the evidence for all primary outcomes to be very low.","We therefore judged the quality of the evidence to be very low, which means that we are uncertain how reliable the evidence is.","Due to a high chance of flawed research and biased reporting, we consider the reliability of the findings for all main effects to be extremely weak."
CD008887,6,ignore,Two very different trials compared anabolic steroid versus control (no anabolic steroid or placebo).,Two very different studies compared anabolic steroid versus control (no anabolic steroid or placebo).,Researchers compared how well a muscle-building hormone works against doing nothing at all.
CD008887,7,rephrase,"One trial compared anabolic steroid injections (given weekly until discharge from hospital or four weeks, whichever came first) versus placebo injections in 29 ""frail elderly females"".","One study conducted in the hospital ward compared weekly anabolic steroid injections versus placebo injections in 29 ""frail elderly females"".",Researchers tested whether giving a certain type of medicine to weak older women made them stronger by comparing it to a dummy treatment.
CD008887,8,rephrase,"This found very low quality evidence of little difference between the two groups in the numbers discharged to a higher level of care or dead (one person in the control group died) (8/15 versus 10/14; risk ratio (RR) 0.75, 95% confidence interval (CI) 0.42 to 1.33; P = 0.32), time to independent mobilisation or individual adverse events.","This study found no evidence that anabolic steroid resulted in better function, as measured by numbers discharged to a higher level of care or dead, or the time to mobilisation.","There was very weak evidence that the two groups had a similar rate of patients being sent to higher care or dying, with one person in the control group passing away."
CD008887,9,rephrase,"The second trial compared anabolic steroid injections (every three weeks for six months) and daily protein supplementation versus daily protein supplementation alone in 40 ""lean elderly women"" who were followed up for one year after surgery.","The second study compared steroid injections given every three weeks for six months plus daily protein supplementation versus daily protein supplementation alone in 40 ""lean elderly women"".","Researchers studied two groups of older women who had recently had surgery. One group received a special injection every three weeks to help them build muscle, while the other group just got extra protein in their daily diet. Both groups also got extra protein in their daily food for one year after their surgery."
CD008887,10,rephrase,"This trial provided very low quality evidence that anabolic steroid may result in less dependency, assessed in terms of being either dependent in at least two functions or dead (one person in the control group died) at six and 12 months, but the result was also compatible with no difference or an increase in dependency (dependent in at least two levels of function or dead at 12 months: 1/17 versus 5/19; RR 0.22, 95% CI 0.03 to 1.73; P = 0.15).","This study provided some evidence that anabolic steroids may result in better function, but they may also make no difference or result in worse function.","This study found limited evidence that anabolic steroids might reduce the risk of becoming severely dependent on them, but it's also possible that they have no effect or even increase dependency."
CD008887,11,rephrase,The trial found no evidence of between-group differences in individual adverse events.,Neither study found a difference in the incidence of individual adverse events in the two groups.,The study did not find any significant differences in bad reactions to the treatment between different groups.
CD008887,12,ignore,Two trials compared anabolic steroids combined with another nutritional intervention ('steroid plus') versus control (no 'steroid plus').,Two studies compared anabolic steroids combined with another nutritional intervention ('steroid plus') versus control (no 'steroid plus').,Researchers compared a group of people who took anabolic steroids and received extra nutrition to those who didn't.
CD008887,13,ignore,One trial compared anabolic steroid injections every three weeks for 12 months in combination with daily supplement of vitamin D and calcium versus calcium only in 63 women who were living independently at home.,One study compared anabolic steroid injections every three weeks for 12 months in combination with daily supplement of vitamin D and calcium versus calcium only in 63 women who were living independently at home.,"A study looked at how well giving anabolic steroids to older women, along with vitamins D and calcium, helped them compared to just taking calcium."
CD008887,14,ignore,"The other trial compared anabolic steroid injections every three weeks for six months and daily protein supplementation versus control in 40 ""lean elderly women"".","The other study compared anabolic steroid injections every three weeks for six months and daily protein supplementation versus control in 40 ""lean elderly women"".","This study compared two groups of older women who were thin. One group received special injections every few weeks, while the other group got extra protein every day to see which helped them build muscle more."
CD008887,15,ignore,Both trials found some evidence of better function in the steroid plus group.,Both studies found some evidence of better function in the steroid plus group.,The people who took steroids along with their usual treatment showed some improvement.
CD008887,18,rephrase,Pooled mortality data (2/51 versus 3/51) from the two trials showed no evidence of a difference between the two groups at one year.,Pooled mortality data from the two studies showed no difference between the two groups at one year.,The results of two studies combined showed that there was no significant difference in death rates between the two groups after one year.
CD008887,19,ignore,"Similarly, there was no evidence of between-group differences in individual adverse events.","Similarly, there was no evidence of between-group differences in individual adverse events.",There were no significant differences in bad reactions to the treatment among different groups.
CD008887,20,ignore,Three participants in the steroid group of one trial reported side effects of hoarseness and increased facial hair.,Three participants in the steroid group of one study reported side effects of hoarseness and increased facial hair.,"In a study, three people taking steroids experienced two common side effects: their voices became hoarse and they grew more facial hair."
CD008887,21,ignore,The other trial reported better quality of life in the steroid plus group.,The other study reported better quality of life in the steroid plus group.,People who took steroids along with their treatment had a better quality of life.
CD008887,22,rephrase,"The available evidence is insufficient to draw conclusions on the effects, primarily in terms of functional outcome and adverse events, of anabolic steroids, either separately or in combination with nutritional supplements, after surgical treatment of hip fracture in older people.","Thus we are unable to say if anabolic steroids, either separately or in combination with nutritional supplements, improve recovery after hip fracture surgery in older people.","There isn't enough research to know if taking anabolic steroids, alone or with other supplements, helps or harms older adults who have had a hip fracture surgery."
CD008887,23,ignore,"Given that the available data points to the potential for more promising outcomes with a combined anabolic steroid and nutritional supplement intervention, we suggest that future research should focus on evaluating this combination.","Given that the results available point to the potential for more promising outcomes with a combined anabolic steroid and nutritional supplement intervention, we suggest that future research should focus on evaluating this combination.",Research suggests that combining certain muscle-building supplements with nutrition might lead to better results. Future studies should investigate this combination further.
CD007712,0,rephrase,We identified three trials with high risk of bias which compared veno-venous bypass (n = 65) versus no veno-venous bypass (n = 66).,We identified a total of three randomised clinical trials with high risk of systematic error and high risk of random errors which compared veno-venous bypass (n = 65) with no veno-venous bypass (n = 66).,"Three studies had a high chance of being flawed, and they compared two groups: one that used a special machine to help blood flow during surgery (65 people), and another group that didn't use this machine (66 people)."
CD007712,1,ignore,None of the trials reported patient or graft survival.,None of the trials reported patient or graft survival.,"The studies did not track how long patients lived after treatment, nor how well their transplanted organs functioned."
CD007712,2,rephrase,There were no significant differences regarding renal failure or blood transfusion requirements between the two groups.,There were no differences regarding kidney failure or blood transfusion requirements between the two groups.,"""There was no difference in how often patients needed dialysis for kidney problems or got blood transfusions between these two groups."""
CD007712,3,ignore,None of the trials reported on the morbidity related to veno-venous bypass or the requirement of veno-venous bypass in the control group.,None of the trials reported on the complications related to veno-venous bypass or the requirement of veno-venous bypass in the control group.,"The studies did not mention any health problems caused by a certain medical device used during surgery, and they also didn't say whether this device was needed for patients who were not having the surgery."
CD007712,4,rephrase,We identified one trial with high risk of bias which compared percutaneous (n = 20) versus open technique (n =19) of veno-venous bypass.,We also identified one trial with high risk of systematic error and high risk of random errors which compared needle technique (percutaneous approach) (n = 20) with open technique (n =19) of veno-venous bypass.,"One study had a high chance of being flawed, and it compared two different ways to do a medical procedure that uses a machine to help the heart and lungs work while surgeons operate."
CD007712,5,rephrase,The patient or graft survival was not reported.,The patient or graft survival was not reported in this trial.,We don't know how long the patient or the transplanted organ will live.
CD007712,6,rephrase,There was no difference in veno-venous bypass related morbidity between the two groups.,There was no difference in veno-venous bypass related complications between the two groups.,The patients who received a special machine to help their heart and lungs during surgery did not have more complications than those who didn't.
CD007712,7,rephrase,The operating time was significantly shorter in the percutaneous technique group (MD -59 minutes; 95% CI -102 to -16).,The operating time was shorter in the percutaneous technique group.,"""The people who had a minimally invasive procedure finished their surgery about an hour sooner than those who had traditional surgery."""
CD012959,0,split,"We included three RCTs, involving a total of 219 adults with severe acute pancreatitis with various etiologies, including alcoholic abuse, biliary disease, high-fat diet, hyperlipidemia, etc.","We included three randomized controlled trials (experiments in which participants are randomly allocated to two or more interventions, possibly including a control intervention or no intervention, and the results are compared). We included three studies, involving a total of 219 adults with severe acute pancreatitis due to various reasons, including alcoholic abuse, biliary disease, high-fat diet, excess lipids in the blood, etc.","We looked at the results of three studies that involved a total of 219 adults who had very serious cases of pancreatitis caused by things like drinking too much alcohol, gallstones, eating too much fat, or having high cholesterol."
CD012959,1,rephrase,All of the participants had single or multiple organ failure.,All people had single or multiple organ failure.,"Many of the patients were experiencing problems with one or more organs, such as their kidneys or liver."
CD012959,2,ignore,All of the RCTs were single-center studies conducted in China.,All of the studies were single-center studies conducted in China.,"Here's a rewritten version of the sentence: ""All of these clinical trials took place at a single hospital or research center in China."""
CD012959,3,ignore,The mean age of participants was 47.4 years.,The mean age of participants was 47.4 years.,The average age of the people who took part in this study was 47 years old.
CD012959,4,ignore,The mean proportion of females was 42.0%.,The mean proportion of females was 42.0%.,About 42% of the people studied were female.
CD012959,6,rephrase,"CVVH versus no CVVH
We included two RCTs in which 189 participants with severe acute pancreatitis were randomized to undergo CVVH (97 participants) or no CVVH (92 participants).",Two studies randomized 189 people with severe acute pancreatitis to receive either CVVH (97 people) or no CVVH (92 people).,Two studies compared patients with severe pancreatitis who received a special treatment called continuous veno-venous hemofiltration (CVVH) to those who didn't receive it.
CD012959,10,rephrase,"One type ofCVVH versus a different type of CVVH
We included one RCT in which 30 participants with severe acute pancreatitis were randomized to undergo high-volume CVVH (15 participants) or standard CVVH (15 participants).",One study randomized 30 people with severe acute pancreatitis to receive either high-volume (high-speed) CVVH (15 people) or standard CVVH (15 people).,"Researchers compared two types of a special treatment called continuous veno-venous hemofiltration (CVVH) in people with very serious pancreatitis. They took 30 patients and randomly assigned half to receive the more intense version of this treatment, while the other half received a standard version."
CD012959,11,rephrase,"High-volume CVVH may result in little to no difference in in-hospital mortality compared with standard CVVH (RR 0.60, 95% CI 0.17 to 2.07; 1 study, 30 participants; low-certainty evidence).","CVVH versus a different type of CVVH
High-volume CVVH may result in little to no difference in numbers of in-hospital deaths.",Using a more intense version of continuous kidney replacement therapy may not significantly lower the number of deaths in patients while they are still in the hospital compared to using it at a standard rate.
CD012959,12,rephrase,"The evidence is very uncertain about the effect of high-volume CVVH on adverse events compared with standard CVVH (RR 1.00, 95% CI 0.16 to 6.20; 1 study, 30 participants; very low-certainty evidence).",We are uncertain whether high-volume CVVH reduces adverse events.,"We don't know for sure if using a high-volume version of a certain type of dialysis treatment increases the risk of complications compared to the standard version. (Note: I've replaced ""CVVH"" with ""a certain type of dialysis treatment"", as it's not necessary to explain what CVVH stands for in this context. I've also removed the statistical details, except for the fact that there is only one study and a small number of participants.)"
CD012959,14,rephrase,The certainty of the current evidence is very low or low.,"Overall, the certainty of the evidence ranged from very low to low.",The current research findings are uncertain and may not be reliable.
CD012959,16,rephrase,The evidence is very uncertain about the effect of CVVH on mortality in patients with severe acute pancreatitis.,We cannot tell from our results whether CVVH has an important effect on in-hospital deaths for people with severe acute pancreatitis because the sample size was small.,"We don't know if using a machine to filter waste from the blood (called continuous veno-venous hemofiltration, or CVVH) helps people with severe pancreatitis live longer."
CD012959,17,rephrase,"Very low-certainty evidence suggests CVVH may reduce length of ICU stay, length of hospital stay, and total hospital cost but the evidence is very uncertain.","CVVH may reduce length of stay in the intensive care unit, length of hospital stay, and total hospital cost.","The research shows that using a special treatment called continuous veno-venous hemofiltration (CVVH) might help patients recover faster from serious illnesses, which could lead to shorter stays in the intensive care unit and hospital. However, more studies are needed to confirm these findings because the current evidence is not very reliable."
CD012959,18,rephrase,"The evidence is also very uncertain whether high-volume CVVH is superior, equivalent or inferior to standard CVVH in patients with severe acute pancreatitis.","We cannot tell from our results whether high-volume CVVH is superior, equivalent or inferior to standard CVVH for people with severe acute pancreatitis because the sample size was small and the results were imprecise.","It's unclear if using a lot of fluid through a special treatment called continuous veno-venous hemofiltration (CVVH) helps, is the same as, or hurts people who are very sick with pancreatitis."
CD003409,0,rephrase,Twenty-three trials involving 2467 people were included.,The review authors searched the medical literature and identified 23 controlled trials involving 2467 adult opioid users in various countries.,"A total of 24 studies, which involved nearly 2500 participants, were used for this research."
CD003409,3,rephrase,Comparing methadone with placebo (two studies) more severe withdrawal and more drop-outs were found in the placebo group.,"In the two studies that compared methadone with placebo, withdrawal symptoms were more severe and more people dropped out in the placebo group.",People who took a dummy pill instead of methadone experienced worse withdrawal symptoms and were more likely to stop participating in the study.
CD003409,4,ignore,"The results indicate that the medications used in the included studies are similar in terms of overall effectiveness, although symptoms experienced by participants differed according to the medication used and the program adopted.","The medications used in the included studies were similar in terms of overall effectiveness, although symptoms experienced by participants differed according to the medication used and the program adopted.","The medicines tested were about equally good at helping people feel better, but the specific symptoms they helped with varied depending on which medicine was used and what treatment plan it was part of."
CD003409,5,rephrase,"Data from literature are hardly comparable; programs vary widely with regard to the assessment of outcome measures, impairing the application of meta-analysis.",The programs varied widely with regard to the assessment of outcome measures.,"Studies can't be easily compared because different programs measure success in different ways, making it hard to combine results."
CD003409,6,ignore,"The studies included in this review confirm that slow tapering with temporary substitution of long- acting opioids, can reduce withdrawal severity.","The studies included in this review confirmed that slow tapering with temporary substitution of long- acting opioids, could reduce withdrawal severity.",Gradually reducing opioid use and replacing it with a longer-lasting pain medication for a short time can make withdrawal symptoms less severe.
CD003409,7,ignore,"Nevertheless, the majority of patients relapsed to heroin use.","Nevertheless, the majority of patients relapsed to heroin use.",Most patients went back to using heroin.
CD012671,2,split,"Three of the four studies included neonates born at and beyond term gestation, whereas one included neonates born at and beyond 34 weeks of gestation.","Three trials included neonates born at and beyond term gestation, whereas one included neonates born at and beyond 34 weeks of gestation. All four studies identified eligible neonates by the presence of at least one of the following at birth: no breathing or crying, poor muscle tone, and heart rate less than 100 beats per minute.","Most of these studies looked at babies who were born full-term or a little early, but one study also included some babies born as early as 34 weeks."
CD012671,6,split,"We are also uncertain as to the effect of tracheal suction on other outcomes such as incidence of mechanical ventilation (RR 0.99, 95% CI 0.68 to 1.44; RD 0.00, 95% CI -0.06 to 0.06; 4 studies, 581 neonates), pulmonary air leaks (RR 1.22, 95% CI 0.38 to 3.93; RD 0.00, 95% CI -0.02 to 0.03; 3 studies, 449 neonates), persistent pulmonary hypertension (RR 1.29, 95% CI 0.60 to 2.77; RD 0.02, 95% CI -0.03 to 0.06; 3 studies, 406 neonates) and culture-positive sepsis (RR 1.32, 95% CI 0.48 to 3.57; RD 0.01, 95% CI -0.03 to 0.05; 3 studies, 406 neonates).","Similarly, we are uncertain as to the effect of tracheal suction on the risk of death before discharge from the hospital (22 fewer to 92 more per 1000 neonates). We are also uncertain as to the effect of tracheal suction on the risks of other outcomes, such as the need for advanced resuscitation measures; encephalopathy (brain damage or disease) due to asphyxia (a lack of oxygen that results in unconsciousness and often death); the need for or duration of mechanical ventilation; the need for non-invasive respiratory support (a mask); duration of oxygen therapy; and duration of hospitalisation.","We're not sure if using a suction device on the airway affects other serious health problems in newborns, such as needing help breathing with a machine, lung injuries, persistent high blood pressure in the lungs, or infections."
CD012671,7,rephrase,All reported outcomes were judged as providing very low certainty evidence.,There was very low certainty evidence from the four studies included in this review.,The results of these studies are not reliable because there's not enough good quality data to support them.
CD012671,8,rephrase,We are uncertain about the effect of tracheal suction on the incidence of MAS and its complications among non-vigorous neonates born through MSAF.,We are uncertain as to the effect of tracheal suction in reducing the risk of MAS.,"""We're not sure if using a suction device on the airway affects the risk of a serious condition called meconium aspiration syndrome (MAS) in newborns who were born with their first bowel movement still inside them and weren't very active."""
CD012671,9,ignore,One study awaits classification and could not be included in the review.,One study awaits classification and could not be included in the review.,This study couldn't be considered in our review because its category hasn't been determined yet.
CD012671,10,ignore,More research from well-conducted large trials is needed to conclusively answer the review question.,More research from well-conducted large trials is needed to conclusively answer the research question.,We need more studies with a lot of participants to be sure about the answer to this question.
CD001401,0,rephrase,We included 11 cross-over studies (153 participants) and one parallel study (41 participants).,We included 12 studies that enrolled 194 people with cystic fibrosis.,"We analyzed data from 12 different research studies, involving a total of 194 people."
CD001401,2,rephrase,"One study used autogenic drainage; five used conventional chest physiotherapy; nine used positive expiratory pressure (PEP), with one study varying the water pressure between arms; three studies used oscillating PEP; two used exercise; and two used high-frequency chest wall oscillation (HFCWO).","One study used autogenic drainage (a controlled breathing technique which uses different speeds and depths of exhaled breath to move mucus up the airways so it can be cleared by coughing); five studies used conventional chest physiotherapy (manual techniques of percussion and vibration applied to the chest wall, usually with the assistance of a physiotherapist or relative); nine used positive expiratory pressure (breathing out through a mask or mouthpiece against a resistance which causes pressure to build up in the lungs to move the mucus), and one of these varied pressure so used both standard and high-pressure positive expiratory pressure; three studies used oscillating positive expiratory pressure (positive expiratory pressure combined with vibrations within the airway to loosen mucus); two used exercise (on a treadmill); and two used high-frequency chest wall oscillation (high frequency vibrations applied outside the chest wall via an inflatable garment).","Researchers tested different methods to help people breathe better, including using a device that helps loosen mucus in the lungs, physical therapy techniques, and special machines that make vibrations or pressure changes."
CD001401,7,rephrase,"We rated the certainty of evidence as low or very low due to the short-term cross-over trial design, small numbers of participants, and uncertain risk of bias across most or all domains.","Summarising the findings of the 12 studies, we found limited evidence of a short-term impact on lung function.","The study's results are not very reliable because it was a short test with few people, and there may be some flaws in how the data was collected."
CD001401,10,rephrase,"Five studies (55 participants) reported that ACTs, including coughing, increased radioactive tracer clearance compared to control, while a further study (eight participants) reported no improvement in radioactive tracer clearance when comparing PEP to control, although coughing was discouraged during the PEP intervention.","Five studies reported increased radioactive tracer clearance (a test in which people are imaged continuously after inhaling a radioaerosol to assess the time for it to be cleared from the lung) when using airway clearance, but one study of positive expiratory pressure found no difference.","When people with HIV take antiretroviral therapy (ART) and also cough or make other loud noises, it helps their bodies get rid of a special medicine that doctors use to track how well their treatment is working. However, when they use pre-exposure prophylaxis (PrEP), which is taken before being exposed to the virus, making noise while taking PrEP doesn't seem to help with getting rid of this tracking medicine."
CD001401,11,rephrase,We rated the certainty of evidence on the effect of ACTs on radioactive tracer clearance as very low.,"We have little or very little confidence in the evidence, for several reasons.",We don't have strong proof about how antimalarial medicines affect the body's ability to clear a special kind of dye.
CD001401,14,rephrase,The evidence from this review shows that ACTs may have short-term effects on increasing mucus transport in people with CF.,This review found that methods of clearing the airways may have short-term benefits for moving mucus.,This study suggests that a certain treatment (ACTs) can temporarily help improve how well people with cystic fibrosis move mucus out of their lungs.
CD001401,15,rephrase,"All included studies had short-term follow-up; consequently, we were unable to draw any conclusions on the long-term effects of ACTs compared to no ACTs in people with CF.","Most included studies had design problems, and in just under half of the studies, it was unclear whether all the results were reported.",We couldn't determine if taking antibiotics regularly for a long time helps or hurts people with cystic fibrosis because all the studies only looked at short-term results.
CD009658,0,rephrase,"We identified 12 RCTs and one quasi-RCT (6923 participants), six for cardiac surgery (3359 participants) and seven for thoracic surgery (3564 participants).","We identified 13 randomised controlled trials (6923 participants), six for cardiac surgery (3359 participants) and seven for thoracic surgery (3564 participants).","We found 13 studies that tested new treatments, including 6 that focused on heart surgery and 7 that focused on lung surgery, involving a total of nearly 7000 patients."
CD009658,1,ignore,"No study evaluated fondaparinux, the new oral direct thrombin, direct factor Xa inhibitors, or caval filters.","No study evaluated fondaparinux, the new oral direct thrombin or direct factor Xa inhibitors, or caval filters.","No studies have looked at a new medicine called fondaparinux, which helps prevent blood clots, or other treatments like filters that stop clots from traveling to the lungs."
CD009658,2,ignore,All studies had major study design flaws and most lacked a placebo or no treatment control group.,All studies had major study design flaws and most lacked a placebo or no treatment control group.,"Most of these studies were poorly designed, and many didn't have a proper comparison group to measure their results accurately."
CD009658,3,ignore,"We typically graded the quality of the overall body of evidence for the various outcomes and comparisons as low, due to imprecise estimates of effect and risk of bias.","We typically graded the quality of the overall body of evidence for the various outcomes and comparisons as low, due to imprecise estimates of effect and risk of bias.","""We judged the overall reliability of the research findings to be poor because the numbers used in the study were not very accurate and there was a high chance that the results were influenced by biased factors."""
CD009658,4,rephrase,We could not pool data because of the different comparisons and the lack of data.,Data could not be combined because of the different comparisons and the lack of data.,"""We couldn't combine the data from different studies because they were comparing different things, and some didn't have enough information."""
CD009658,5,rephrase,"In cardiac surgery, 71 symptomatic VTEs occurred in 3040 participants from four studies.","In cardiac surgery, symptomatic venous thromboembolism occurred in 71 out of 3040 participants from three studies.","During heart surgery, 71 people developed blood clots due to a medical condition called VTE (short for ""blood clot in the veins"") out of a group of 3,040 patients studied."
CD009658,6,rephrase,"In a study of 2551 participants, representing 85% of the review population in cardiac surgery, the combination of unfractionated heparin with pneumatic compression stockings was associated with a 61% reduction of symptomatic VTE compared to unfractionated heparin alone (1.5% versus 4.0%; risk ratio (RR) 0.39; 95% confidence interval (CI) 0.23 to 0.64).","In a study of 2551 participants, representing 85% of the review population in cardiac surgery, the combination of unfractionated heparin with intermittent pneumatic compression was associated with an important reduction of symptomatic venous thromboembolism compared to unfractionated heparin alone.","In a study of over 2,500 people who had heart surgery, using both heparin and special compression stockings reduced the risk of blood clots by 61%, compared to just using heparin alone."
CD009658,7,rephrase,"Major bleeding was only reported in one study, which found a higher incidence with vitamin K antagonists compared to platelet inhibitors (11.3% versus 1.6%, RR 7.06; 95% CI 1.64 to 30.40).","Major (important) bleeding was reported in one study only, and the best estimate was that bleedings occurred seven times more often in participants on vitamin K antagonists compared to participants on platelet inhibitors, but the true estimate may lay between one and a half to 30.","Bleeding problems were more common in people taking vitamin K antagonists than those taking a different type of medication, with about 11 times as many bleeding incidents reported."
CD009658,8,rephrase,"In thoracic surgery, 15 symptomatic VTEs occurred in 2890 participants from six studies.","In thoracic surgery, symptomatic venous thromboembolism occurred in 15 out of 2890 participants from six studies.","During chest surgeries, 15 people out of nearly 3,000 developed blood clots that caused symptoms."
CD009658,9,rephrase,"In the largest study evaluating unfractionated heparin versus an inactive control the rates of symptomatic VTE were 0.7% versus 0%, respectively, giving a RR of 6.71 (95% CI 0.40 to 112.65).","Combined analysis could not be performed, but the largest study evaluating unfractionated heparin versus an inactive control did not show a benefit in terms of reduced occurrence of symptomatic venous thromboembolism.",Researchers compared two treatments for preventing blood clots and found that one treatment reduced the risk of serious clots by about seven times.
CD009658,10,rephrase,"There was insufficient evidence to determine if there was a difference in the risk of major bleeding from two studies evaluating fixed-dose versus weight-adjusted low molecular weight heparin (2.7% versus 8.1%, RR 0.33; 95% CI 0.07 to 1.60) and unfractionated heparin versus low molecular weight heparin (6% and 4%, RR 1.50; 95% CI 0.26 to 8.60).",Major bleeding was reported in two studies that did not find significantly different rates between fixed-dose and weight-adjusted low molecular weight heparin (2.7% versus 8.1%) and between unfractionated heparin and low molecular weight heparin (6% and 4%).,"There wasn't enough evidence to tell if taking a fixed dose of certain blood thinners was safer than adjusting the dose based on weight, as two studies found mixed results with different types of medications causing bleeding in some patients."
CD009658,11,rephrase,The evidence regarding the efficacy and safety of thromboprophylaxis in cardiac and thoracic surgery is limited.,"Overall, the evidence on the use of thromboprophylaxis in cardiac and thoracic surgery appeared to be scarce, so we are very uncertain about the benefit-to-risk balance.",The effectiveness and safety of preventing blood clots during heart and lung surgeries are not well understood.
CD012569,0,rephrase,"We include 11 RCTs involving 13,627 participants, with a mean baseline age from 51.5 to 74.2 years.","We include 11 RCTs involving 13,627 participants, with an average age from 51 to 74 years.","We analyzed data from 11 studies that included over 13,600 people, aged between 51 and 74 years old."
CD012569,1,rephrase,Follow-up duration ranged from four weeks to 36.6 months.,Length of follow-up ranged from four weeks to 36 months.,The study followed patients for anywhere from a few weeks to almost three years.
CD012569,2,rephrase,"There was no difference between RIs and ACE inhibitors for the outcomes: all-cause mortality: risk ratio (RR) 1.05, 95% confidence interval (CI) 0.93 to 1.18; 5 RCTs, 5962 participants; low-certainty evidence; total myocardial infarction: RR 0.86, 95% CI 0.22 to 3.39; 2 RCTs, 957 participants; very low-certainty evidence; adverse events: RR 0.98, 95% CI 0.93 to 1.03; 10 RTCs, 6007 participants;  moderate-certainty evidence; serious adverse events: RR 1.21, 95% CI 0.89 to 1.64; 10 RTCs, 6007 participants; low-certainty evidence; and withdrawal due to adverse effects: RR 0.85, 95% CI 0.68 to 1.06; 10 RTCs, 6008 participants; low-certainty evidence.","Low-certainty evidence showed no difference between RIs and ACE inhibitors for deaths from any cause, for heart attacks, for serious side effects or for leaving the study because of side effects.",There was no significant difference in the outcomes between people taking RIs and those taking ACE inhibitors.
CD012569,4,rephrase,"Low-certainty evidence suggested that RIs reduced systolic blood pressure: mean difference (MD) −1.72, 95% CI −2.47 to −0.97; 9 RCTs, 5001 participants;  and diastolic blood pressure: MD −1.18, 95% CI −1.65 to −0.72; 9 RCTs, 5001 participants,  to a greater extent than ACE inhibitors, but we judged this to be more likely due to bias than a true effect.","Low-certainty evidence suggested that RIs reduce blood pressure more than ACE inhibitors do, but this could have been due to bias in the design and conduct of the studies.","Here is the simplified sentence: ""Studies found that a type of medication called RIs lowered blood pressure more than another type of medication called ACE inhibitors, but it's unclear if this difference is real or just because of flaws in the studies."""
CD012569,8,rephrase,"More independent, large, long-term trials are needed to compare RIs with ACE inhibitors, particularly assessing morbidity and mortality outcomes, but also on blood pressure-lowering effect.","More independent RCTs are needed to assess illnesses and deaths, and to see if the difference in blood pressure-lowering is real.","We need more long-term studies that compare two types of medications, RIs and ACE inhibitors, to see which one is better at lowering blood pressure and preventing serious health problems."
CD005405,0,split,We included three trials examining pulmonary exacerbations (171 participants) and two trials examining long-term therapy (85 participants).,We included five trials with 256 participants. Three trials included people experiencing a flare up of disease (171 participants) and two trials looked at long-term therapy (85 participants).,"We looked at data from five studies, involving a total of 256 people. Three of these studies focused on how to manage severe lung problems, while the other two studied the effects of long-term treatment."
CD005405,3,rephrase,"One of the included trials reported significantly better lung function when treating a pulmonary exacerbation with ciprofloxacin when compared with intravenous treatment; however, our analysis did not confirm this finding.",One of the trials with volunteers being treated for a flare up of disease reported significantly better lung function when using ciprofloxacin compared with intravenous treatment; but we did not agree with this finding when we analysed the same data.,"Some studies found that using an antibiotic called ciprofloxacin to treat a severe lung problem helped improve breathing more than giving the medicine through a vein, but our review didn't find this result."
CD005405,4,split,"We found no evidence of difference between oral anti-pseudomonal antibiotics and other treatments regarding adverse events or development of antibiotic resistance, but trials were not adequately powered to detect this.","We found no conclusive evidence to show that oral antibiotics were more or less effective than an alternative treatment for either flare ups of disease or long-term treatment of chronic infection with Pseudomonas aeruginosa. We did not find any evidence of differences between oral antibiotics and other treatments in terms of adverse events or the development of antibiotic resistance, but we do note that the trials were not designed to detect such differences.","Our study did not find any significant differences in side effects or the development of antibiotic resistance between taking pills that fight a specific type of bacteria and other types of treatment. However, our study was too small to be sure about this."
CD005405,5,rephrase,None of the studies had a low risk of bias from blinding which may have an impact particularly on subjective outcomes such as quality of life.,"We judged the trials to be at different risks of bias, but we did not think any of them had a low risk of bias from blinding, which might affect the results of subjective outcomes like quality of life.","Most of these studies didn't use methods to prevent bias, especially when measuring how well someone's quality of life is affected."
CD005405,7,rephrase,We found no conclusive evidence that an oral anti-pseudomonal antibiotic regimen is more or less effective than an alternative treatment for either pulmonary exacerbations or long-term treatment of chronic infection with P. aeruginosa.,The evidence we found was limited.,"Our study did not find any clear proof that taking antibiotics by mouth to fight a certain type of bacterial infection is better or worse than other treatments, whether it's for lung problems caused by this infection or for managing the infection over time."
CD005405,8,rephrase,"Until results of adequately-powered future trials are available, treatment needs to be selected on a pragmatic basis, based upon any available non-randomised evidence, the clinical circumstances of the individual, the known effectiveness of drugs against local strains and upon individual preference.","Until the results of large trials are available, people should choose their treatment on a practical basis, basing decisions on any available evidence, their clinical circumstances, the known effectiveness of drugs against local strains of the bug and individual preference.","""Until more research is done, doctors should choose treatments based on what little information we have, how sick each patient is, which medicines work best in their area, and what the patient prefers."""
CD006483,0,rephrase,We identified 15 RCTs of ICBI conducted in various settings and populations (3917 participants).,The review evaluated 15 RCTs involving 3917 participants.,"We found 15 studies on a new way to treat patients, which involved over 3,900 people from different backgrounds."
CD006483,1,split,"Comparing ICBI to 'minimal interventions' such as usual practice, meta-analyses showed statistically significant effects as follows: moderate effect on sexual health knowledge (SMD 0.72, 95% CI 0.27 to 1.18); small effect on safer sex self-efficacy (SMD 0.17, 95% CI 0.05 to 0.29); small effect on safer-sex intentions (SMD 0.16, 95% CI 0.02 to 0.30); and also an effect on sexual behaviour (OR 1.75, 95% CI 1.18 to 2.59).","Results showed that computer-based interventions have a moderate effect in improving people's knowledge about sexual health in comparison to minimal interventions such as ‘usual practice' or a leaflet. We also found a small effect on safer sex self-efficacy (a person's belief in their capacity to carry out a specific action), a small effect on safer-sex intentions, and also an effect on sexual behaviour (such as condom use for sexual intercourse).","Studies compared a new approach called ICBI to usual practice, and found that it had a moderate positive impact on people's knowledge about sex, as well as small positive effects on their confidence in practicing safe sex and their intentions to do so safely. It also led to changes in how people behave when it comes to sex."
CD006483,5,rephrase,There were insufficient data to analyse other types of outcome.,"We found that computer-based interventions seem better than face-to-face interventions at improving sexual health knowledge, but there were insufficient data to analyse other outcomes.",We didn't have enough information to study other possible outcomes.
CD006483,6,ignore,No studies measured potential harms (apart from reporting any deterioration in measured outcomes).,No studies measured potential harms (apart from reporting any deterioration in outcomes).,"Most studies didn't look at what could go wrong with a treatment, except for noting if things got worse."
CD004405,0,rephrase,We included 25 studies involving 4121 participants (2511 children and 1517 adults; 93 mixed population).,"We identified 25 trials, including 4121 participants with acute bacterial meningitis of which seven were performed in adults (over 16 years old), two included both children and adults and the other were performed in children.","We analyzed data from 25 research studies, which involved a total of 4,121 people - including 2,511 children and 1,517 adults."
CD004405,1,rephrase,"Four studies were of high quality with no risk of bias, 14 of medium quality and seven of low quality, indicating a moderate risk of bias for the total analysis.","Out of 25 studies, four were of high quality, 14 of medium quality and seven of low quality, leading to a moderate overall quality of evidence.","Most of the research we looked at was reliable, but some had flaws that could affect our conclusions."
CD004405,2,ignore,Nine studies were performed in low-income countries and 16 in high-income countries.,Nine studies were performed in low-income countries and 16 in high-income countries.,Research was conducted in both poor and wealthy countries.
CD004405,3,rephrase,"There was insufficient evidence that corticosteroids caused a reduction in mortality overall (17.8% versus 19.9%; risk ratio (RR) 0.90, 95% confidence interval (CI) 0.80 to 1.01; P = 0.07), or for adults (RR 0.74, 95% CI 0.53 to 1.05; P = 0.09).",This review found that the corticosteroid dexamethasone did not significantly reduce the death rate (17.8% versus 19.9%).,"There was not enough evidence that taking corticosteroids reduced the number of deaths overall, and it also didn't seem to make a difference for adults."
CD004405,4,rephrase,"However they caused lower rates of severe hearing loss (RR 0.67, 95% CI 0.51 to 0.88), any hearing loss (RR 0.74, 95% CI 0.63 to 0.87) and neurological sequelae (RR 0.83, 95% CI 0.69 to 1.00).","Patients treated with corticosteroids had significantly lower rates of severe hearing loss (6.0% versus 9.3%), any hearing loss (13.8% versus 19.0%) and neurological sequelae (17.9% versus 21.6%).","These treatments reduced the risk of severe hearing loss by about half, as well as any hearing loss or complications from brain damage."
CD004405,5,rephrase,"Subgroup analyses for causative organisms showed that corticosteroids reduced mortality in Streptococcus pneumoniae (S pneumoniae) meningitis (RR 0.84, 95% CI 0.72 to 0.98), but not in Haemophilus influenzae (H influenzae) orNeisseria meningitidis (N meningitidis) meningitis.","An analysis for different bacteria causing meningitis showed that patients with meningitis due to Streptococcus pneumoniae (S pneumoniae) treated with corticosteroids had a lower death rate (29.9% versus 36.0%), while no effect on mortality was seen in patients with Haemophilus influenzae (H influenzae) and Neisseria meningitidis (N meningitidis) meningitis.","Studies of specific bacteria causing infections found that corticosteroids lowered the death rate for people with pneumonia caused by Streptococcus pneumoniae, but did not have this effect on infections caused by Haemophilus influenzae or Neisseria meningitidis."
CD004405,6,rephrase,"Corticosteroids reduced severe hearing loss in children with H influenzae meningitis (RR 0.34, 95% CI 0.20 to 0.59) but not in children with meningitis due to non-Haemophilus species.","Corticosteroids decreased the rate of hearing loss in children with meningitis due to H influenzae (4% versus 12%), but not in children with meningitis due to other bacteria.","Using a certain type of medicine called corticosteroids can help prevent severe hearing loss in some children who have a serious infection in their brain and spinal cord caused by the bacteria H. influenzae, but it doesn't seem to make a difference for kids with infections from other types of bacteria."
CD004405,7,rephrase,"In high-income countries, corticosteroids reduced severe hearing loss (RR 0.51, 95% CI 0.35 to 0.73), any hearing loss (RR 0.58, 95% CI 0.45 to 0.73) and short-term neurological sequelae (RR 0.64, 95% CI 0.48 to 0.85).","In high-income countries, corticosteroids reduced severe hearing loss, any hearing loss and short-term neurological sequelae.","In wealthy countries, a common medicine called corticosteroids helped prevent serious hearing problems and temporary brain damage after an illness."
CD004405,8,ignore,There was no beneficial effect of corticosteroid therapy in low-income countries.,There was no beneficial effect of corticosteroid therapy in low-income countries.,Corticosteroids did not help people in poor countries.
CD010645,0,rephrase,We included four RCTs with 167 participants.,We found four eligible studies with 167 participants.,We looked at the results of four studies involving a total of 167 people.
CD010645,3,rephrase,"The mean difference in duration of anaesthesia with use of adrenaline with lidocaine was 3.20 hours (95% confidence interval (CI) 2.48 to 3.92 hours; one RCT, 20 participants; low-quality evidence).","One small study reported the duration of anaesthesia and found that adrenaline prolonged the duration of anaesthesia, but the quality of the evidence was low.",Using a combination of adrenaline and lidocaine during anesthesia shortened the time patients were under anesthesia by about 3 hours compared to using just lidocaine alone.
CD010645,4,rephrase,"No trial reported adverse events such as ischaemia distal to the injection site, and no trial reported cost analysis.",No study reported on adverse events such as ischaemia distal to the injection site or cost analysis with use of adrenaline with lidocaine.,"""No trials found any problems or complications from the treatment at the injection site, and none of them looked at how much it would cost."""
CD010645,5,rephrase,"One trial mentioned the secondary outcome of duration of postoperative pain relief, but available data were insufficient for analysis of the findings.","Duration of postoperative pain relief was reported by one study, but available data were insufficient for analysis of the findings.",The study didn't have enough information to analyze how long patients experienced relief from their pain after surgery.
CD010645,6,rephrase,Two trials reported the secondary outcome of reduced bleeding during surgery.,Two studies reported reduced bleeding during surgery with use of adrenaline with lidocaine.,"During surgery, two studies found that patients experienced less bleeding."
CD010645,10,split,"The evidence provided in this review indicates that addition of adrenaline to lidocaine may prolong the duration of anaesthesia and reduce the risk of bleeding during surgery, although the quality of the evidence is low.",The quality of evidence is low for both duration of anaesthesia and bleeding during surgery with use of adrenaline with lidocaine. Further research is needed to prove the benefits of adding adrenaline to lidocaine.,Adding a certain medicine (adrenaline) to another medicine (lidocaine) used for anesthesia might make the effects last longer and reduce the risk of bleeding during surgery.
CD005009,0,ignore,Five randomized studies involving 1382 patients were included in this review.,Five studies involving 1382 patients were included in this review.,"This review looked at the results of five separate experiments, which involved a total of 1382 people."
CD005009,1,rephrase,"All the included studies involved advanced (T3 or T4) prostate cancer, had relatively small populations, and were of short duration.",All the included studies involved advanced (T3 or T4) prostate cancer.,"The studies looked at people with a more serious form of prostate cancer, each study had a limited number of participants, and they didn't last very long."
CD005009,2,ignore,Few events were reported and did not assess disease-specific survival or metastatic disease.,Few events were reported and they did not assess disease-specific survival or metastatic disease.,"Only a few cases were studied, but they didn't look at how well patients survived with their specific illness or if it had spread."
CD005009,3,rephrase,Only one study (N = 77) evaluated biochemical outcomes.,Only one study evaluated biochemical outcomes.,One small study looked at how a person's body chemistry changes.
CD005009,6,ignore,Studies primarily reported on adverse events.,Studies primarily reported on adverse events.,The studies mainly focused on problems or side effects that occurred.
CD005009,9,rephrase,"There are no data for the relative effectiveness of IAS versus CAS for overall survival, prostate cancer-specific survival, or disease progression.","There are no data for the relative effectiveness of IAS versus CAS for overall survival, prostate cancer specific survival, disease progression, or quality of life.",We don't have enough information to compare how well IAS and CAS treatments work in terms of helping patients live longer with prostate cancer.
CD005009,10,ignore,Limited information suggests IAS may have slightly reduced adverse events.,Limited information suggests IAS may have slightly reduced adverse events.,Research indicates that IAS might lead to fewer side effects.
CD005009,11,ignore,"Overall, IAS was also as effective as CAS for potency, but was superior during the interval of cycles (96%).","Overall, IAS was also as effective as CAS for potency, but was superior during the interval of cycles (96%).","IAS worked just as well as CAS at first, but it lasted longer over time."
CD006803,1,rephrase,All trials had high risk of bias.,"All the trials had high risk of systematic errors (that is, bias where was a potential to arrive at wrong conclusions because of the way the trials were conducted overestimating benefits and underestimating harms) and random errors (there was a potential to arrive at the wrong conclusions because of the play of chance).",Most studies had a problem with their research methods being trustworthy.
CD006803,2,split,Five hundred and one patients randomised in 11 trials provided information for various comparisons in this systematic review after excluding post-randomisation drop-outs and patients from trials that did not report any of the outcomes of interest for this review.,Eleven trials including 501 liver transplant recipients provided data for this review. The patients were randomised to receive different treatments including no treatment in these 11 trials.,"Five hundred and one patients were included in this study, but some had to be left out because they dropped out of their trial or didn't have the information we needed."
CD006803,4,ignore,Long-term follow-up was not available in these trials.,Long-term follow-up was not available in these trials.,We couldn't find out what happened to the patients over a long period of time because this information wasn't collected.
CD006803,5,rephrase,"There were no significant differences in mortality, retransplantation, graft rejections requiring retransplantation or medical treatment, or fibrosis worsening between the groups in any of the comparisons in which these outcomes were reported.","There were no significant differences in the proportion of patients who died, required retransplantation, developed graft rejection that required treatment, or increased liver damage (as evaluated using a microscope) between the groups in any of the comparisons in which these outcomes were reported.","The study found that there was no difference in how often patients died, needed a new transplant, had complications with their new liver, or developed scarring in their liver between the different groups being compared."
CD006803,6,ignore,Quality of life and liver decompensation were not reported in any of the trials.,Quality of life and liver decompensation were not reported in any of the trials.,The quality of life and how well the liver was functioning did not get worse in any of these studies.
CD006803,7,rephrase,There was a significantly higher proportion of participants who developed serious adverse events in the ribavirin plus peg interferon combination therapy group than in the peg interferon monotherapy group (1 trial; 56 participants; 17/28 (60.7%) in the intervention group versus 5/28 (17.9%) in the control group; RR 3.40; 95% CI 1.46 to 7.94).,There was a significantly higher proportion of participants who developed serious complications in the ribavirin plus peg interferon combination therapy compared with peg interferon monotherapy.,More people who took a combination of ribavirin and peg interferon experienced serious side effects compared to those who only took peg interferon.
CD006803,8,rephrase,There was no significant difference in proportion of participants who developed serious adverse events or in the number of serious adverse events between the intervention and control groups in the other comparisons that reported serious adverse events.,There was no significant difference in the proportion of participants who developed serious complications or in the number of serious adverse events between the intervention and control groups in the other comparisons that reported serious complications.,"In most cases, the number of people who experienced serious problems from participating in the study did not differ significantly between those who received the new treatment and those who didn't."
CD006803,9,rephrase,"Considering the lack of clinical benefit, there is currently no evidence to recommend or refute antiviral treatment for recurrent liver graft infection with hepatitis C virus.",There is currently no evidence to recommend antiviral treatment for patients with recurrence of chronic hepatitis C virus infection either in primary liver transplantation or retransplantation.,There's no proof that antiviral medicine helps people who keep getting infections in their new liver transplant from the hepatitis C virus.
CD006803,10,rephrase,Further randomised clinical trials with low risk of bias and low risk of random errors with adequate duration of follow-up are necessary.,Further randomised clinical trials at low risk of random errors or systematic errors are necessary to assess the long-term survival and other benefits of various treatment options in these patients.,More high-quality studies with minimal flaws and long enough to observe effects are needed.
CD006833,0,ignore,We found three studies for inclusion in the review.,We found three studies for inclusion in the review.,We identified three studies to include in our analysis.
CD006833,1,rephrase,One recruited males with a biopsy-proven diagnosis of non-metastatic prostate cancer who were not receiving chemotherapy and had elected to receive external-beam radiation therapy; the second study recruited community-living participants who were aged 55 years and older; the third study recruited university students.,"One recruited males with a biopsy-proven diagnosis of prostate cancer who were not receiving chemotherapy and had elected to receive external-beam radiation therapy; the second study recruited community-living participants who were aged 55 years and older; the third study recruited university students.These studies included people with anxiety or depression or both, and reported their results separately.","Here is the rewritten sentence: The first group consisted of men with early-stage prostate cancer who chose not to have chemotherapy, but instead opted for radiation treatment. The second group was made up of people over 55 living in their communities. The third group included college students."
CD006833,2,rephrase,These studies included subgroups with anxiety and depression as defined by symptom scores and provided data separately for those subgroups.,Very few people with anxiety or depression or both have been included in randomised studies.,"The research looked at two specific groups of people: those who had anxiety and those who had depression, and it reported the results for each group separately."
CD006833,3,rephrase,"As this included only 25 people with anxiety and 17 with depression and 20 more with either anxiety or depression, but which was not specified, the results could only be reported narratively.","This included only 25 people with anxiety, 17 with depression and 20 more with either anxiety or depression but which was not specified.","The study had a small group of participants, including just 25 people with anxiety, 17 with depression, and some who had both. Because it wasn't clear how many people fit into each category, the researchers couldn't report their findings in a detailed way."
CD006833,6,rephrase,There is insufficient evidence to say whether or not Reiki is useful for people over 16 years of age with anxiety or depression or both.,This means there is insufficient evidence to make any comment about the usefulness of Reiki for the treatment of anxiety and depression.,We don't know if Reiki helps people over 16 who are anxious or depressed.
CD007368,0,rephrase,We included four trials in which 3267 children aged two to 35 months participated.,"These studies were conducted in Bangladesh, Nepal and India, in which 3267 children aged two to 35 months were randomly assigned to receive zinc or placebo.","We looked at data from four studies involving a total of 3,267 young children who were between two and three years old."
CD007368,3,rephrase,Zinc supplementation in children with severe pneumonia also showed a non-significant effect on time-to-hospital discharge as compared to the control (hazard ratio 1.04; 95% CI 0.89 to 1.22).,It also showed non-significant effects of the intervention on the time-to-hospital discharge.,"Giving zinc supplements to kids who are very sick with pneumonia didn't seem to make them leave the hospital any faster than usual, compared to those who didn't get the supplements."
CD007368,4,split,Evidence provided in this review is insufficient to recommend the use of zinc as an adjunct to standard antibiotic therapy for pneumonia in children aged two to 35 months.,The review authors found four randomised control trials of adequate quality evaluating the impact of zinc supplementation as an adjunct to antibiotics for pneumonia in children. Evidence provided in this review is insufficient to recommend use of zinc as an adjunct to standard antibiotic therapy for pneumonia in children aged two to 35 months.,The evidence from this review isn't strong enough to suggest using zinc along with regular antibiotics to treat pneumonia in children between two and three years old.
CD006278,1,split,"This study recruited 26 children aged 4 to 12 years, with mild to moderate CAS of unknown cause, and compared two interventions: the Nuffield Dyspraxia Programme-3 (NDP-3); and the Rapid Syllable Transitions Treatment (ReST).",We found one study with 26 children aged 4 to 12 years with CAS. The children had mild to severe CAS without a known cause.,"This study looked at how well two different treatments worked for 26 children aged 4 to 12 who had a condition that affects movement, but whose cause was unknown. The two treatments were called NDP-3 and ReST."
CD006278,2,rephrase,Children were allocated randomly to one of the two treatments.,Children were allocated randomly (using a method like coin tossing) to one of two treatments: the Nuffield Dyspraxia Programme - Third Edition (NDP-3); and the Rapid Syllable Transition treatment (ReST).,The children were divided into two groups by chance.
CD006278,3,rephrase,"Treatments were delivered intensively in one-hour sessions, four days a week for three weeks, in a university clinic in Australia.","Both therapies were delivered intensively in one-hour sessions, four days a week for three weeks.",Patients received intensive treatment sessions every weekday for three weeks at a university hospital in Australia.
CD006278,4,rephrase,Speech pathology students delivered the treatments in the English language.,The treatments were delivered by speech pathology students in a university clinic.,Students studying speech disorders gave the treatment instructions in English.
CD006278,5,ignore,"Outcomes were assessed before therapy, immediately after therapy, at one month and four months post-therapy.","Outcomes were assessed before therapy, immediately after therapy, at one month and four months post-therapy.","We measured how well patients were doing before treatment, right after treatment, and again a month and four months later."
CD006278,6,ignore,Our review looked at one-month post-therapy outcomes only.,Our review looked at one-month post-therapy outcomes only.,We focused on how patients were doing a month after treatment.
CD006278,10,ignore,"We downgraded the quality of the evidence by one level to moderate due to imprecision, given that only one RCT was identified.","We downgraded the quality of the evidence by one level to moderate, due to imprecision, given that only one RCT was identified.","Because there's only one study with a controlled group (a randomized control trial), we had to lower our confidence in the results."
CD006278,15,split,"There is limited evidence that, when delivered intensively, both NDP-3 and ReST may effect improvement in word accuracy in 4- to 12-year-old children with CAS, measured by the accuracy of production on treated and non-treated words, speech production consistency and the accuracy of connected speech.","The study provides limited evidence that the NDP-3 may improve the accuracy of production on treated items and the accuracy of connected speech. There is limited evidence that the NDP-3 has a negligible effect on speech production consistency, and the ReST a negligible effect on accuracy of production on non-treated words.",Intensive treatment with NDP-3 or ReST can help improve reading skills in children aged 4 to 12 who have difficulty speaking clearly.
CD006278,16,ignore,The study did not measure functional communication.,The study did not measure functional communication.,The researchers didn't assess how well people could communicate effectively.
CD006278,18,rephrase,We are also unable to say whether either treatment is better than no treatment or treatment as usual.,"We were not able to find out whether one of these treatment was better than the other, or whether either was better than no treatment or treatment as usual.",It's unclear if either of these treatments works any better than doing nothing or using the standard treatment.
CD006278,19,rephrase,No evidence currently exists to support the effectiveness of other treatments for children aged 4 to 12 years with idiopathic CAS without other comorbid neurodevelopmental disorders.,There is currently no available evidence for other treatments.,"There's no proof that any treatment works well for kids between 4 and 12 who have a condition called idiopathic cerebral apraxia, unless they also have other brain development problems."
CD006278,20,rephrase,Further RCTs replicating this study would strengthen the evidence base.,Further studies replicating these findings would strengthen available evidence.,More studies with volunteers should be done to confirm these results.
CD006278,21,rephrase,"Similarly, further RCTs are needed of other interventions, in other age ranges and populations with CAS and with co-occurring disorders.",Further research is also needed for children with CAS and other disorders or diagnoses.,"More studies are needed to see if different treatments work for people of all ages who have CAS, especially those with other health problems."
CD003458,0,rephrase,"We identified 31 studies, and 13 fulfilled the criteria for inclusion.","After a wide search, we identified 13 randomised studies that included 85 participants with McArdle disease.","We found 31 research papers, but only 13 of them met our requirements to be included."
CD003458,3,rephrase,"There was no benefit with: D-ribose, glucagon, verapamil, vitamin B6, branched chain amino acids, dantrolene sodium, and high-dose creatine.","The review found no benefit compared with placebo with the following treatments: D-ribose, glucagon, verapamil, vitamin B6, oral branched chain amino acids, dantrolene sodium, high-dose creatine and ramipril.","Taking these supplements - including ribose, a type of sugar, and certain vitamins and medications like verapamil and dantrolene - did not provide any benefits."
CD003458,4,rephrase,Minimal subjective benefit was found with low dose creatine and ramipril only for patients with a polymorphism known as the D/D angiotensin converting enzyme (ACE) phenotype.,Low dose creatine and ramipril produced minimal benefit for patients who also have the D/D angiotensin converting enzyme (ACE) phenotype.,People who have a certain genetic variation may get some small benefits from taking low doses of creatine and ramipril.
CD003458,5,rephrase,A carbohydrate-rich diet resulted in better exercise performance compared with a protein-rich diet.,A diet rich in carbohydrate may be superior to a diet rich in protein.,"""Eating foods high in carbohydrates helps you perform better during exercise, more so than eating foods high in protein."""
CD003458,7,rephrase,Four studies reported adverse effects.,Adverse effects were reported in four studies.,Four studies found negative outcomes.
CD003458,8,rephrase,Oral ribose caused diarrhoea and symptoms suggestive of hypoglycaemia including light-headedness and hunger.,"Oral ribose caused symptoms suggestive of a low blood sugar including light-headedness, hunger and diarrhoea.","Eating oral ribose can cause diarrhea, dizziness, and a strong feeling of hunger."
CD003458,9,rephrase,"In one study, branched chain amino acids caused a deterioration of functional outcomes.",One study of branched chain amino acids resulted in a deterioration in participants.,Taking a certain type of protein supplement led to worse results for patients.
CD003458,10,ignore,"Dantrolene was reported to cause a number of adverse effects including tiredness, somnolence, dizziness and muscle weakness.","Dantrolene was reported to cause a number of side-effects including tiredness, sleepiness, dizziness and muscle weakness.","The medication Dantrolene can cause side effects such as feeling tired or sleepy, dizzy, and weak muscles."
CD003458,11,ignore,Low dose creatine (60 mg/kg/day) did not cause side-effects but high-dose creatine (150 mg/kg/day) worsened the symptoms of myalgia.,Low dose creatine (60 mg/kg/day) did not cause any side-effects but high-dose creatine (150 mg/kg/day) worsened the symptoms of muscle pain.,"Taking a small amount of creatine (about 1/5 teaspoon per pound of body weight per day) didn't have any bad effects, but taking a larger dose (about 2/3 teaspoon per pound of body weight per day) made muscle pain worse."
CD002221,0,rephrase,We identified one RCT which met our inclusion criteria and was included in this review.,The review authors searched the medical literature and found a single trial that met the inclusion criteria of the review.,We found one study that met our requirements and is being discussed in this review.
CD002221,1,rephrase,Sixty-three participants with primary involutional lower eyelid entropion were randomised to everting sutures alone or everting sutures with a lateral tarsal strip.,Sixty-three participants with lower eyelid entropion were enrolled and randomised to either everting sutures alone or everting sutures and a lateral tarsal strip.,"Sixty-three people with a common eye condition called ""droopy eyelid"" were randomly assigned to receive either just special stitches or stitches plus an additional surgical procedure."
CD002221,2,ignore,Eight participants were lost to follow-up.,Eight participants were lost to follow-up.,Some people who took part in the study stopped coming back for check-ups.
CD002221,3,rephrase,The trial indicates that the combined procedure for horizontal and vertical eyelid tightening in the form of everting sutures and lateral tarsal strip is highly curative for involutional entropion compared to vertical tightening in the form of everting sutures alone.,The trial showed that the combination of horizontal and vertical eyelid tightening with everting sutures and lateral tarsal strip is highly efficient for entropion compared to vertical tightening with everting sutures alone.,"A new surgical technique that combines two procedures - one that tightens both the top and bottom eyelids, and another that lifts the outer corner of the eye - is very effective at treating a common condition where the eyelid turns inward."
CD012502,0,rephrase,"We included 26 RCTs randomising 23,499 participants.","We included 26 studies involving 23,499 participants.","We analyzed data from 26 studies involving a total of over 23,000 people."
CD012502,1,rephrase,All included studies assessed effects of ezetimibe plus other lipid-modifying drugs compared with other lipid-modifying drugs alone or plus placebo.,These studies assessed the effects of ezetimibe plus other lipid-lowering drugs versus lipid-lowering drugs alone for heart disease.,Studies looked at how well a combination of ezetimibe and other cholesterol-lowering medications worked compared to taking those medications alone or with a dummy treatment.
CD012502,5,split,"Adding ezetimibe to statins probably reduces the risk of non-fatal myocardial infarction (MI) (RR 0.88, 95% CI 0.81 to 0.95; a decrease from 105/1000 to 92/1000, 95% CI 85 to 100; 21,145 participants; 6 studies; moderate-quality evidence) and non-fatal stroke (RR 0.83, 95% CI 0.71 to 0.97; a decrease 32/1000 to 27/1000, 95% CI 23 to 31; 21,205 participants; 6 studies; moderate-quality evidence).","Ezetimibe with statins probably reduces the risk for combined outcome of death due to heart disease, heart attack or stroke, but the benefit is moderate. Treatment with ezetimibe and statin probably reduces the risk for non-fatal heart attacks and non-fatal stroke.",Adding ezetimibe to statin medications likely reduces the risk of heart attacks and strokes that don't result in death.
CD012502,6,split,"Trials reporting cardiovascular mortality added ezetimibe to statin or fenofibrate, probably having little or no effect on this outcome (RR 1.00, 95% CI 0.89 to 1.12; 19457 participants; 6 studies; moderate-quality evidence).","However, adding ezetimibe to statin or fenofibrate have little or no effect on death from any cause. Adding ezetimibe to statin or fenofibrate probably have little or no effect on heart-related death.",Studies that looked at heart attack deaths found that adding ezetimibe to existing treatments like statins or fenofibrate didn't make a significant difference in the outcome.
CD012502,7,rephrase,"The need for coronary revascularisation might be reduced by adding ezetimibe to statin (RR 0.94, 95% CI 0.89 to 0.99; a decrease from 196/1000 to 184/1000, 95% 175 to 194; 21,323 participants; 7 studies); however, no difference in coronary revascularisation rate was observed when a sensitivity analysis was limited to studies with a low risk of bias.",Ezetimibe with statins might reduce the need for coronary revascularisation (the restoration of an adequate blood supply to the heart) by means of surgery.,"Adding ezetimibe to statin medication may help reduce the need for heart surgery, but more research is needed because some studies had flaws that could have affected their results."
CD012502,8,rephrase,"In terms of safety, adding ezetimibe to statins may make little or no difference in the risk of hepatopathy (RR 1.14, 95% CI 0.96 to 1.35; 20,687 participants; 4 studies; low-quality evidence).","In terms of safety, we do not have enough evidence to know whether ezetimibe increases or decreases side-effects (e.g. liver injury, muscle pain, cancer, gallbladder-related disease and discontinuation).","Adding a medication called ezetimibe to statins may not significantly reduce the risk of liver problems. I followed the rules by: * Preserving the original meaning that adding ezetimibe to statins has little or no effect on liver health * Using clear and simple language, replacing ""hepatopathy"" with ""liver problems"" * Removing unnecessary statistical details (RR 1.14, 95% CI 0.96 to 1.35; 20,687 participants; 4 studies) * Not adding any new information that was not present in the original sentence"
CD012502,11,rephrase,"For serum lipids, adding ezetimibe to statin or fenofibrate might further reduce the low-density lipoprotein cholesterol (LDL-C), total cholesterol and triglyceride levels and likely increase the high-density lipoprotein cholesterol levels; however, substantial heterogeneity was detected in most analyses.","The analysis of blood lipids revealed that the addition of ezetimibe statin or fenofibrate therapy might further reduce the levels of blood lipids, including low-density lipoprotein cholesterol ('bad' cholesterol), total cholesterol and triglycerides, and likely increased the level of high-density lipoprotein cholesterol ('good' cholesterol).","Adding a certain medication to others that lower cholesterol may help even more by reducing ""bad"" cholesterol and triglycerides, while possibly increasing ""good"" cholesterol."
CD012502,12,ignore,None of the included studies reported on health-related quality of life.,None of the included studies reported on health-related quality of life.,The studies we looked at didn't measure how well people's lives were affected by their health.
CD012502,17,rephrase,"However, there is limited evidence regarding the role of ezetimibe in primary prevention and the effects of ezetimibe monotherapy in the prevention of CVD, and these topics thus requires further investigation.","There is a lack of evidence supporting the use of ezetimibe monotherapy for the prevention of heart disease, and this topic requires further investigation.",There isn't much research on whether taking a certain medication called ezetimibe can help prevent heart disease when used alone or as part of a broader prevention plan.
CD007744,2,rephrase,One study (n = 159) compared etoricoxib (60 to 120 mg/day) to placebo in IBD patients with quiescent or active ulcerative colitis or Crohn's disease.,One study (159 participants) compared etoricoxib (60 to 120 mg/day) to placebo (e.g. a sugar pill) in people with IBD (ulcerative colitis or Crohn's disease) who were in remission (i.e. no disease symptoms) or had active disease (i.e. had symptoms).,"Researchers studied a medication called etoricoxib in people with inflammatory bowel disease, comparing it to a dummy treatment to see if it helped those with either mild or severe symptoms."
CD007744,3,rephrase,The other study (n = 222) compared celecoxib (200 mg twice daily) to placebo in patients with quiescent ulcerative colitis.,The other study (222 participants) compared 2 weeks of treatment with celecoxib (200 mg twice daily) to placebo in people with ulcerative colitis who were in remission.,"A different study looked at how well a medication called celecoxib worked for people who have a type of inflammatory bowel disease called ulcerative colitis, when their symptoms were not active."
CD007744,13,rephrase,"The proportion of patients who experienced AEs was similar in the celecoxib and placebo groups (21% and 17%, respectively, P > 0.20).","The proportion of patients who experienced side effects was similar in the celecoxib and placebo groups (21% and 17%, respectively).","Most people in both groups taking celecoxib and a dummy pill had side effects, and there wasn't a big difference between the two groups."
CD007744,14,rephrase,No patients in either group died or experienced serious adverse events.,No patients in either group died or experienced serious side effects.,"""No patients in either group had a severe reaction or died."""
CD007744,15,rephrase,"Eleven percent of patients in the celecoxib and placebo groups experienced GI AEs (RR 0.97, 95% CI 0.46 to 2.07).","Eleven percent of patients in the celecoxib and placebo groups experienced GI side effects including increased stool frequency, rectal bleeding, and inflamed mucosa.",About 11% of people taking a certain medication or a dummy pill had stomach problems.
CD007744,19,rephrase,No patients experienced any cardiovascular adverse events.,No patients experienced any cardiovascular side effects (i.e. heart attack or stroke).,"""No patients had any heart problems as a result of taking the treatment."""
CD007744,20,rephrase,Renal toxicity or thrombotic AEs were not reported.,Renal toxicity (i.e. the poisonous effect of a substance on the kidneys) or thrombotic side effects (i.e. the formation of a blood clot inside a blood vessel) were not reported.,Kidney damage or blood clots did not occur as a side effect.
CD007744,22,rephrase,Thus no definitive conclusions regarding the tolerability and safety of the short term use of celecoxib and etoricoxib in patients with IBD can be drawn.,No firm conclusions on the tolerability and safety of celecoxib and etoricoxib can be drawn from these studies.,We can't say for sure whether taking celecoxib or etoricoxib for a short time is safe and well-tolerated for people with inflammatory bowel disease.
CD007744,23,rephrase,The two included studies suggest that celecoxib and etoricoxib do not exacerbate IBD symptoms.,The results of the two included studies in this review suggest that celecoxib and etoricoxib do not exacerbate IBD symptoms.,Two studies found that taking celecoxib or etoricoxib does not make inflammatory bowel disease (IBD) symptoms worse.
CD007744,24,rephrase,"However, it should be noted that both studies had relatively small sample sizes and short follow-up durations.","However, it should be noted that both studies assessed relatively small numbers of patients and were of short duration.",Both of these studies were limited by having a small number of participants and following them for only a short period of time.
CD007744,26,rephrase,Further RCTs are needed to determine the tolerability and safety of celecoxib and etoricoxib in these patients.,Further studies are needed to determine the tolerability and safety of celecoxib and etoricoxib in patients with rheumatological manifestations of inflammatory bowel disease.,More studies are required to see if celecoxib and etoricoxib are safe for use by these patients.
CD002816,0,rephrase,No randomised controlled trials or controlled trials were found that examined the efficacy of non-pharmacological swallowing therapy for the treatment of dysphagia in Parkinson's disease.,"There were no controlled trials, randomised or otherwise, in this field.",There are no studies that have looked at whether non-medication treatments can help people with Parkinson's disease who have trouble swallowing.
CD002816,1,ignore,However there is one large RCT currently recruiting patients that will compare 'chin down' posture with thickened liquids in the treatment of dysphagia.,There is one large RCT currently recruiting patients that will compare 'chin down' posture with thickened liquids in the treatment of dysphagia.,There's a big study now enrolling patients to see if drinking thick liquids while keeping their chin down helps people who have trouble swallowing.
CD002816,2,rephrase,The main outcomes will be the rates of aspiration and pneumonia.,The main outcomes in this study will be the rates of aspiration and pneumonia.,The main goals are to measure how often food goes into the lungs (aspiration) and how often people get pneumonia.
CD002816,3,rephrase,There is currently no evidence to support or refute the efficacy of non-pharmacological swallowing therapy for dysphagia in Parkinson's disease.,Therefore there is no trial evidence to prove or disprove the benefit of swallowing therapy for the treatment of swallowing disorders in people with Parkinson's disease.,"Currently, there isn't enough research to know if special swallowing exercises can help people with swallowing problems caused by Parkinson's disease."
CD002816,4,rephrase,Large well designed placebo-controlled RCTs are required to assess the effectiveness of swallowing therapy for dysphagia in Parkinson's disease and reported according to CONSORT guidelines.,Large well designed placebo-controlled RCTs are needed to assess the effectiveness of swallowing therapy for swallowing disorders in Parkinson's disease.,"To understand if a treatment that helps people with swallowing problems due to Parkinson's disease really works, we need more studies where participants don't know whether they're getting the real treatment or not. These studies should follow strict rules for reporting their results."
CD002816,7,rephrase,The patients should be followed for at least 6 months to determine the duration of any improvement.,Outcome measures with particular relevance to patients should be chosen and the patients followed for at least 6 months to determine the duration of any improvement.,Patients should be monitored for at least six months to see how long their condition improves.
CD005421,0,rephrase,"Studies involved 15,940 United States youth; participants were ethnically diverse.","Although we conducted an extensive international search for trials, all included studies enrolled youth in the US (total baseline enrollment=15,940 participants).","The studies included data from over 15,000 young people from the United States, who came from a variety of ethnic backgrounds."
CD005421,1,rephrase,"Seven programs were school-based, two were community-based, and one was delivered in family homes.","Programs were conducted in schools, community centers, and family homes; all were delivered in family units or groups of young people.","The study involved seven programs that took place in schools, two that happened in communities, and one that occurred in people's homes."
CD005421,3,rephrase,Results showed no indications that abstinence-only programs can reduce HIV risk as indicated by self-reported biological and behavioral outcomes.,"Overall, the trials did not indicate that abstinence-only programs can reduce HIV risk as indicated by behavioral outcomes (e.g., unprotected vaginal sex) or biological outcomes (e.g., sexually transmitted infection).","Studies found that programs that only teach people to stay away from sex do not seem to lower the chance of getting HIV, based on what people report about their own behavior."
CD005421,4,rephrase,"Compared to various controls, the evaluated programs consistently did not affect incidence of unprotected vaginal sex, frequency of vaginal sex, number of partners, sexual initiation, or condom use.","Instead, the programs consistently had no effect on participants' incidence of unprotected vaginal sex, frequency of vaginal sex, number of sex partners, sexual initiation, or condom use.","The programs being tested had no impact on people's behavior when it came to having unprotected sex, how often they had sex, with whom they had sex, or whether they used condoms."
CD005421,5,rephrase,"One study found a significantly protective effect for incidence of recent vaginal sex (n=839), but this was limited to short-term follow-up, countered by measurement error, and offset by six studies with non-significant results (n=2615).","One trial favored an abstinence-only program over usual care for incidence of vaginal sex (n=839), but this was limited to two-month follow-up and was offset by measurement error and six other studies with non-significant effects (n=2615).","Researchers found that having sex recently may have some benefits in the short term, but their findings were not consistent across all studies."
CD005421,6,split,"One study found significantly harmful effects for STI incidence (n=2711), pregnancy incidence (n=1548), and frequency of vaginal sex (n=338); these effects were also offset by studies with non-significant findings.","One evaluation found several significant adverse (harmful) program effects: abstinence-only program participants were more likely than usual-care controls to report sexually transmitted infections (n=2711), pregnancy (n=1548), and increased frequency of vaginal sex (n=338). These effects were offset by high attrition and other studies showing non-significant effects.","Research showed that having a certain condition can lead to higher rates of sexually transmitted infections, unwanted pregnancies, and people having more frequent vaginal sex."
CD005421,8,rephrase,"Weaknesses included underutilization of relevant outcomes, underreporting of key data, self-report bias, and analyses neglecting attrition and clustered randomization.","Trial limitations included underreporting of relevant outcomes, reliance on program participants to report their behaviors accurately, and methodological weaknesses in the trials.","The study had some problems with its research methods, including not using all the important results, missing information, biased reporting from participants themselves, and ignoring people who dropped out or didn't follow instructions."
CD005421,9,rephrase,"Evidence does not indicate that abstinence-only interventions effectively decrease or exacerbate HIV risk among participants in high-income countries; trials suggest that the programs are ineffective, but generalizability may be limited to US youth.","We concluded that abstinence-only programs do not appear to reduce or exacerbate HIV risk among participants in high-income countries, although this evidence might not apply beyond US youth.","Studies show that teaching people to avoid sex altogether doesn't help prevent HIV infections and might even make things worse. However, these findings only apply to young people in the United States and may not work for others in high-income countries."
CD012546,3,rephrase,Only one study had low risk of bias in all four QUADAS-2 domains.,Only one of the 16 included studies was performed and reported well (low risk of bias).,Only one study was done well and didn't have any major flaws.
CD012546,5,rephrase,"When considering all studies with a cut-off of 10 μmol/L, TSBA overall sensitivity ranged from 0.72 to 0.98 and specificity ranged from 0.81 to 0.97.","When considering the studies with a cut-off of 10 μmol/L for TSBA serum concentration, TSBA overall sensitivity (the ability to correctly identify women with the disease) ranged from 72% to 98% and specificity (the ability to correctly identify women without the disease) ranged from 81% to 97%.","When looking at all the research that used a certain level of a substance (10 parts per billion) as a cutoff point, this test was good at detecting the condition in most cases (72-98% of the time), but also sometimes gave false alarms by saying people had the condition when they didn't (3-19% of the time)."
CD012546,12,ignore,"The overall high risk of bias, the existing concern regarding applicability of the results in clinical practice, and the great heterogeneity of the results in the included studies prevents us from making recommendations and reaching definitive conclusions at the present time.","The overall high risk of bias, the existing concern regarding applicability of the results in clinical practice, and the poor uniformity of our results in the included studies prevents us from making recommendations and reaching definitive conclusions at present.","We can't make any recommendations or be sure about our findings because there's a high risk that the research is biased, it might not apply to real-world situations, and the different studies have very different results."
CD012546,13,ignore,"Thus, we do not find any compelling evidence to recommend or refute the routine use of any of these tests in clinical practice.","Thus, we do not find any compelling evidence to recommend or refute the routine use of any of these tests in clinical practice.",We couldn't find enough proof to say whether using these tests regularly in hospitals is a good idea.
CD012546,14,ignore,"So far, the diagnostic accuracy of TSBA for intrahepatic cholestasis of pregnancy might have been overestimated.","So far, the diagnostic accuracy of TSBA for intrahepatic cholestasis of pregnancy might have been overestimated.",Current tests may be better at predicting a rare liver condition during pregnancy than we thought.
CD012546,15,ignore,There were too few studies to permit a precise estimate of the accuracy of serum bile acid profile components.,There were too few studies to permit a precise estimate of the accuracy of serum bile acid profile components.,We don't have enough research data to accurately measure how well certain tests for liver health work.
CD012546,16,ignore,Further primary clinical research is mandatory.,Further primary clinical research is mandatory.,More studies on patients are needed to learn more about this topic.
CD012546,17,ignore,We need both further phase II and phase III diagnostic studies.,We need both further phase II and phase III diagnostic studies.,More research is needed to confirm whether this test works well.
CD005335,3,rephrase,Two trials (total 166 participants) provided data comparing combination with psychotherapy alone (both using behaviour therapy).,"The trials which compared the combination of treatments with psychotherapy alone (both using behaviour therapy) indicated no differences in response between the two approaches, either during the intervention, at the end of the intervention, or at the last follow-up time point.","Two studies, involving a total of 166 people, compared the effectiveness of combining therapy with just talking treatments."
CD005335,5,split,One trial (77 participants) compared combination with a benzodiazepine alone.,"These comparisons involved just 166 patients and 77 patients, respectively. The trial which compared the combination of treatments with a benzodiazepine alone demonstrated no differences in response during the intervention.","This study looked at how well taking a medication to calm anxiety, either on its own or combined with another type of calming medicine, worked for 77 people."
CD005335,7,rephrase,"Although the combination appeared to be superior to the benzodiazepine alone at the end of treatment (RR 3.39, 1.03 to 11.21, P = 0.05) the finding was only borderline statistically significant, and no significant differences were observed at the 7-month follow-up (RR 2.31, 0.79 to 6.74, P = 0.12).","Although the combination of treatments appeared to be more effective than the benzodiazepine alone at the end of treatment, no significant differences were observed at the 7-month follow-up.","Although combining a certain treatment with benzodiazepine seemed more effective than using benzodiazepine alone after treatment ended, the difference was not strong enough to be considered significant, and there were no notable differences when checked again 7 months later."
CD005335,8,rephrase,The review established the paucity of high quality evidence investigating the efficacy of psychotherapy combined with benzodiazepines for panic disorder.,This review included randomised controlled trials comparing the combination of psychotherapy and a benzodiazepine with either the psychotherapy or the benzodiazapine alone for people with panic disorder.,There's a lack of good research on whether combining talk therapy with medication can help people with panic attacks.
CD005335,9,rephrase,"Currently, there is inadequate evidence to assess the clinical effects of psychotherapy combined with benzodiazepines for patients who are diagnosed with panic disorder.","Before evidence-based treatment recommendations are possible, more randomised controlled trials are required, comparing the combination of psychotherapy and benzodiazepines with either treatment alone, and involving enough people to be able to detect a true difference between the treatments if one exists.",There isn't enough research to know if combining talk therapy with a certain type of medication helps people with panic attacks.
CD011195,0,rephrase,We found no RCT and thus no available data for evaluation of the primary outcome (mortality) nor secondary outcomes or adverse effects.,We found no clinical trials with a randomized controlled design that evaluated this topic and measured the number of deaths or any of our secondary outcomes.,"We couldn't find any reliable studies to measure how well a treatment works, including its effect on survival rates and potential side effects."
CD011195,1,split,"Therefore, we conducted no statistical analysis.","We identified no randomized controlled trials for statistical analyses and assessments. Therefore, we can present no results on the effect of catheter removal on survival when Candida is found in the bloodstream.",We didn't do any special math to analyze the data.
CD011195,2,rephrase,A total of 73 observational studies reported on various clinically relevant outcomes following catheter removal or catheter retention.,A total of 73 observational studies reported relevant outcomes after the catheter was removed or was kept in place.,"Researchers looked at 73 studies to see what happens when people have a medical tube removed, and what happens if it's left in."
CD011195,3,rephrase,"Most of these excluded, observational studies reported a beneficial effect of catheter removal in patients with candidaemia.","In all, 40 studies reported a beneficial effect of catheter removal in patients with candidaemia, and 34 presented results showing no clear differences between groups.",Removing the catheter helped most people who had an infection caused by Candida.
CD011195,4,rephrase,None of the observational studies reported results in favour of retaining a catheter.,No studies reported results in favour of retaining the catheter.,Removing a catheter after treatment didn't seem to make any difference.
CD011195,8,rephrase,"Despite indications from observational studies in favour of early catheter removal, we found no eligible RCTs or quasi-RCTs to support these practices and therefore could draw no firm conclusions.",We found no reports on the harmful effects of removing a catheter and re-inserting a new catheter.,"Previous research suggested that removing catheters quickly might be beneficial, but our review didn't find any reliable studies to confirm this."
CD009716,0,rephrase,"We included 15 RCTs with a total of 17,091 participants.","We included 15 clinical trials with a total of 17,091 participants from a range of Asian, European and North American populations.","We analyzed data from 15 studies involving over 17,000 people."
CD009716,1,rephrase,"Compared with fewer antiplatelet agents, multiple antiplatelet agents were associated with a significantly lower risk of stroke recurrence (5.78% versus 7.84%, risk ratio (RR) 0.73, 95% confidence interval (CI) 0.66 to 0.82; P < 0.001; moderate-certainty evidence) with no significant difference in vascular death (0.60% versus 0.66%, RR 0.98, 95% CI 0.66 to 1.45; P = 0.94; moderate-certainty evidence).",We compared the use of multiple versus fewer antiplatelet drugs early after stroke.,"Taking more than one medication to prevent blood clots was linked to a lower risk of having another stroke, but it didn't seem to affect the chances of dying from a related heart or blood vessel problem."
CD009716,5,split,Multiple antiplatelet agents are more effective in reducing stroke recurrence but increase the risk of haemorrhage compared to one antiplatelet agent.,"We found that multiple antiplatelet drugs reduced the risk of stroke recurrence but increased the risk of bleeding compared with fewer antiplatelet drugs. Two antiplatelet drugs appear to be more effective in preventing early stroke recurrence than a single antiplatelet drug, but there is an increased risk of side effects, especially bleeding.","Taking multiple medications to prevent blood clots can be more effective at preventing a second stroke, but it also increases the chance of bleeding."
CD009716,6,rephrase,The benefit in reduction of stroke recurrence seems to outweigh the harm for dual antiplatelet agents initiated in the acute setting and continued for one month.,The benefits of dual antiplatelet drugs started immediately after a stroke seems to outweigh the risks for the first month.,"Taking two medicines to prevent blood clots after a stroke appears to be more helpful than it is harmful, at least when used for just one month."
CD002748,1,rephrase,"The studies presented data on 15,077 women with a wide range of risk factors for breast cancer, who underwent RRM.","Sixty-one studies presented data on 15,077 women with a wide range of risk factors for developing breast cancer, who underwent RRM.","Researchers studied 15,000+ women at high risk for breast cancer to see how they responded to a specific treatment called RRM."
CD002748,7,rephrase,"Worry over breast cancer was significantly reduced after BRRM when compared both to baseline worry levels and to the groups who opted for surveillance rather than BRRM, but there was diminished satisfaction with body image and sexual feelings.","After BRRM, most women are satisfied with their decision, but reported less satisfaction with cosmetic results, body image, and sexual feelings.","Women's anxiety about getting breast cancer decreased after having a procedure called BRRM (breast risk reduction method), compared to when they were first diagnosed or just monitoring their condition. However, some women reported feeling less confident in their appearance and less satisfied with their sex lives afterwards."
CD002748,9,rephrase,"In women who have had cancer in one breast, removing the other breast may reduce the incidence of cancer in that other breast, but there is insufficient evidence that this improves survival because of the continuing risk of recurrence or metastases from the original cancer.","However, most women also experienced reduced worry of developing and dying from breast cancer along with diminished satisfaction with body image and sexual feelings
In women who have had cancer in one breast, removing the other breast (CRRM) may reduce the incidence of cancer in that other breast, but there is insufficient evidence that this improves survival because of the continuing risk of recurrence or metastases from the original cancer.","For women who've already had cancer in one breast, taking out the healthy breast might lower their chances of getting cancer again in the other breast. However, it's not clear if this actually helps them live longer because they're still at risk for the cancer coming back or spreading from the original tumor."
CD002748,11,ignore,"While published observational studies demonstrated that BRRM was effective in reducing both the incidence of, and death from, breast cancer, more rigorous prospective studies are suggested.","While published observational studies demonstrated that BRRM was effective in reducing both the incidence of, and death from, breast cancer, more rigorous prospective studies are suggested.","Previous studies have shown that a treatment called BRRM can help lower the number of new cases and deaths caused by breast cancer. However, more reliable research is needed to confirm these findings."
CD002748,12,rephrase,"BRRM should be considered only among those at high risk of disease, for example, BRCA1/2 carriers.","BRRM should be considered only among those at high risk of disease, for example, carriers of mutations in the breast cancer genes, BRCA1 and BRCA2.",People with a family history of breast cancer or who carry a specific gene mutation (like BRCA1/2) may benefit from considering BRRM.
CD002748,13,rephrase,"CRRM was shown to reduce the incidence of contralateral breast cancer, but there is insufficient evidence that CRRM improves survival, and studies that control for multiple confounding variables are recommended.","CRRM was shown to reduce the incidence of contralateral breast cancer (CBC), but there is insufficient evidence that CRRM improves survival, and studies that control for multiple variables that can affect results are recommended.","A treatment called CRRM has been found to lower the risk of getting cancer in the other breast. However, more research is needed to know if it helps people live longer, and future studies should take into account many factors that could affect the results."
CD002748,14,ignore,"It is possible that selection bias in terms of healthier, younger women being recommended for or choosing CRRM produces better overall survival numbers for CRRM.","It is possible that selection bias in terms of healthier, younger women being recommended for or choosing CRRM produces better overall survival numbers for CRRM.","The results might be skewed because only healthy and young women are choosing to have a certain type of surgery, which makes it seem like the surgery is more effective than it really is."
CD002748,15,ignore,"Given the number of women who may be over-treated with BRRM/CRRM, it is critical that women and clinicians understand the true risk for each individual woman before considering surgery.","Given the number of women who may be over-treated with BRRM/CRRM, it is critical that women and clinicians understand the true risk for each individual woman before considering surgery.",Many women are being treated too aggressively for a certain condition. It's essential that both patients and doctors understand the actual risks involved so they can make informed decisions about surgery.
CD002748,16,ignore,"Additionally, thought should be given to other options to reduce breast cancer risk, such as BRRSO and chemoprevention when considering RRM.","Additionally, thought should be given to other options to reduce breast cancer risk, such as BRRSO and chemoprevention, when considering RRM.","When thinking about reducing your risk of getting breast cancer, you might also want to consider treatments like hormone-blocking surgery or taking medicine that helps prevent the disease."
CD001169,3,rephrase,Both amantadine and rimantadine induced significant gastrointestinal (GI) adverse effects.,Amantadine and rimantadine are antiviral drugs.,Amantadine and rimantadine caused serious stomach problems.
CD001169,6,rephrase,"Amantadine and rimantadine have comparable efficacy and effectiveness in relieving or treating symptoms of influenza A in healthy adults, although rimantadine induces fewer adverse effects than amantadine.","The review of trials found that both drugs are similarly helpful in relieving the symptoms of influenza A in adults, but only when there is a high probability that the cause of the flu is influenza A (a known epidemic, for example).","""Both Amantadine and Rimantadine work equally well to treat flu symptoms in healthy adults, but Rimantadine is less likely to cause side effects."""
CD001169,7,rephrase,The effectiveness of both drugs in interrupting transmission is probably low.,It is likely that neither drug will interrupt the spread of influenza A and by treating symptoms may encourage viral spread in the community by people who are feeling better but are still infectious.,Both medicines don't seem to be very good at stopping the spread of the disease.
CD001169,8,rephrase,Resistance of influenza viruses to amantadine is a serious worldwide problem as shown by recent virological surveillances.,Resistance of influenza viruses to amantadine is a serious worldwide problem as shown by recent surveys.,"Influenza viruses are becoming resistant to a common medication called amantadine, and this is a major concern globally."
CD001169,9,ignore,"Both drugs have adverse gastrointestinal (stomach and gut) effects, but amantadine can also have serious effects on the nervous system.","Both drugs have adverse gastrointestinal (stomach and gut) effects, but amantadine can also have serious effects on the nervous system.","""Both medicines can cause stomach problems, but one of them can also harm your nerves."""
CD001169,10,ignore,They should only be used in an emergency when all other measures fail.,They should only be used in an emergency when all other measures fail.,"These treatments should only be used as a last resort, when everything else has been tried."
CD006006,0,split,"We included 11 randomised clinical trials with 771 adult liver transplant recipients (mean age 47.31 years, male 61.48%), of whom 378 people were randomised to receive prostaglandins and 393 people were randomised to either placebo (272 participants) or standard care (121 participants).","We found 11 studies with 771 participants. Of these, 378 participants were given prostaglandins.","We looked at 11 studies involving 771 adults who had a liver transplant, with an average age of 47. They were randomly divided into three groups: one group received prostaglandins, another group got a placebo, and the third group received standard care."
CD006006,2,rephrase,Ten trials were conducted in high- and upper-middle-income countries.,"Apart from one study, all other studies took place in high- and upper-middle-income countries.",Studies were done in wealthy and middle-class countries.
CD006006,3,rephrase,"Prostaglandins may reduce all-cause mortality up to one month (risk ratio (RR) 0.86, 95% confidence interval (CI) 0.61 to 1.23; risk difference (RD) 21 fewer per 1000, 95% CI 63 fewer to 36 more; 11 trials, 771 participants; low-certainty evidence).","Death from any cause
Prostaglandins may reduce death from any cause (11 studies, 771 people).",Research suggests that prostaglandins may lower the overall death rate within a month by about 2 people out of every 100.
CD006006,6,rephrase,"Prostaglandins may result in little to no difference in liver retransplantation (RR 0.98, 95% CI 0.49 to 1.96; RD 1 fewer per 1000, 95% CI 33 fewer to 62 more; 6 trials, 468 participants; low-certainty evidence); early allograft dysfunction (RR 0.62, 95% CI 0.33 to 1.18; RD 137 fewer per 1000, 95% CI 241 fewer to 47 more; 1 trial, 99 participants; low-certainty evidence); primary non-function of the allograft (RR 0.58, 95% CI 0.26 to 1.32; RD 23 fewer per 1000, 95% CI 40 fewer to 16 more; 7 trials, 624 participants; low-certainty evidence); and length of hospital stay (mean difference (MD) −1.15 days, 95% CI −5.44 to 3.14; 4 trials, 369 participants; low-certainty evidence).","– Prostaglandins may result in little to no difference in need for retransplantation (6 studies, 468 participants).","When patients receive prostaglandins during liver retransplantation surgery, it may not make a big difference in their recovery outcomes, such as how well the new liver works and how long they stay in the hospital."
CD006006,7,rephrase,"Prostaglandins may result in a large reduction in the development of acute kidney failure requiring dialysis (RR 0.42, 95% CI 0.24 to 0.73; RD 100 fewer per 1000, 95% CI 132 fewer to 49 fewer; 5 trials, 477 participants; low-certainty evidence).","– Prostaglandins may result in a large reduction in the development of acute kidney injury needing dialysis (5 studies, 477 participants).",Prostaglandins may help prevent a large number of people from developing severe kidney failure that requires dialysis.
CD006006,11,rephrase,Eleven trials evaluated prostaglandins in adult liver transplanted recipients.,We searched for studies on prostaglandins used to treat adults who had received a liver transplant compared with placebo or standard care.,Researchers studied how prostaglandins work in adults who have received a new liver.
CD006006,13,rephrase,We do not know the effect of prostaglandins on adverse events considered non-serious.,We did not find any information to suggest that prostaglandins cause harm.,We don't know if prostaglandins cause minor problems.
CD006006,14,rephrase,"We lack adequately powered, high-quality trials evaluating the effects of prostaglandins for people undergoing liver transplantation.",We wanted to know if prostaglandins are a useful treatment after liver transplantation and if they caused any side effects when compared to placebo or usual care.,There aren't enough reliable studies to show whether prostaglandins help or hurt people who are getting a new liver.
CD008319,0,rephrase,Five trials with 183 participants are included in the review.,We found five trials comparing different ways of giving antibiotics when treating exacerbations in a total of 183 people with cystic fibrosis.,This study looked at results from five different experiments involving a total of 183 people.
CD008319,1,split,Two trials (77 participants) compared inhaled antibiotics alone to intravenous antibiotics alone and three trials (106 participants) compared a combination of inhaled and intravenous antibiotics to intravenous antibiotics alone.,"Two trials compared inhaled antibiotics alone to intravenous antibiotics alone (77 participants) and three trials compared a combination of inhaled and intravenous antibiotics to intravenous antibiotics alone (106 participants). In all trials, the inhaled antibiotics were compared to the same antibiotics given intravenously.","Researchers studied two groups: one that used medicine breathed directly into the lungs, and another that received medicine through an IV. They also looked at how well a combination of these treatments worked compared to just using an IV."
CD008319,8,rephrase,"Both trials measured lung function, but there was no difference reported between treatment groups (very low-certainty evidence).","Both trials measured lung function, but neither reported any difference between treatment groups.","The two studies looked at how well people's lungs were working, and they found that the different treatments didn't make a noticeable difference."
CD008319,9,rephrase,"With regards to our secondary outcomes, one trial (18 participants) reported no difference in the need for additional antibiotics and the second trial (59 participants) reported on the time to next exacerbation.",One trial (18 participants) reported no difference in the need for additional antibiotics and the second trial (59 participants) reported on the length of time until the next exacerbation - there was no difference between inhaled or intravenous antibiotics for either outcome.,"In addition to the main results, two studies found that patients didn't need extra antibiotics and how often they had a flare-up."
CD008319,11,rephrase,The single trial (18 participants) measuring adverse events and sputum microbiology did not observe any in either treatment group for either outcome (very low-certainty  evidence).,"Only one trial (18 participants) measured adverse events and sputum microbiology, but did not find any difference between treatments for either outcome.","This small study of 18 people, which looked at side effects and the types of bacteria in their coughs, found no problems with either type of treatment."
CD008319,12,rephrase,"Inhaled antibiotics plus intravenous antibiotics versus intravenous antibiotics alone
Inhaled antibiotics plus intravenous antibiotics may make little or no difference to quality of life compared to intravenous antibiotics alone.","Inhaled antibiotics plus intravenous antibiotics versus intravenous antibiotics alone
One trial found that there is likely no difference in quality of life between treatments.",Using both inhalable and injectable antibiotics is unlikely to improve a person's quality of life more than using just the injectable kind.
CD008319,16,split,"Inhaled plus intravenous antibiotics may make little difference to the time to next exacerbation; however, one trial (28 participants) reported on hospital admissions and found no difference between groups.","One trial showed there to be little or no difference in the time until the next exacerbation. None of the trials reported on the need for additional antibiotics; however, one trial (28 participants) found no difference in the number of hospital admissions between groups.","Using both inhaler and IV antibiotics together might not shorten the time until a person's symptoms get worse again. However, one study with 28 people found that it didn't affect how often they had to go to the hospital."
CD008319,17,rephrase,There is likely no difference between groups in adverse events (very low-certainty evidence) and one trial (62 participants) reported no difference in the emergence of antibiotic-resistant organisms (very low-certainty evidence).,There may be no difference between groups in adverse events and one trial (62 participants) reported no difference in the appearance of antibiotic-resistant organisms.,Researchers found that there's probably no significant difference in bad side effects or the development of bacteria resistant to antibiotics between different groups.
CD008319,18,rephrase,We identified only low- or very low-certainty evidence to judge the effectiveness of inhaled antibiotics for the treatment of pulmonary exacerbations in people with cystic fibrosis.,We graded the certainty of the evidence as very low or low.,There's not enough reliable information to know if inhaling antibiotics helps treat lung problems in people with cystic fibrosis.
CD012445,1,rephrase,"The studies compared a mindfulness-enhanced parent training programme with a no-treatment, waitlist, or attentional control (2 studies); a parent training programme with no mindfulness component (5 studies); both a no-treatment, waitlist, or attentional control and a parent training programme with no mindfulness component (4 studies).","The studies compared the outcomes of children or parents (or both) who participated in a mindfulness-enhanced parent training programme to the outcomes of children or parents (or both) who did not participate in parent training, or who participated in an alternate behavioural or skills-based parent training programme.","Researchers compared three different parenting programs to see which one is most effective in helping parents manage their children's behavior. (Note: I removed the unnecessary statistical details and replaced technical terms like ""mindfulness-enhanced"" and ""attentional control"" with simpler alternatives, while preserving the original meaning.)"
CD012445,2,split,We assessed all studies as being at an unclear or high risk of bias across multiple domains.,"We included studies evaluating these interventions using randomised controlled trials (studies where participants are randomly assigned to one of two or more treatment groups) or quasi experimental designs (where participants are assigned to different treatment groups using a method that is not truly random). We included studies that assessed child emotional and behavioural adjustment, and/or a range of parent outcomes, including parenting skills, parenting stress, depression or anxiety, mindfulness or self-compassion.","We found that many of these studies had a problem with their research design, making it difficult to trust their results."
CD012445,3,rephrase,We pooled child and parent outcome data from 2118 participants to produce effect estimates.,We included 11 studies and data from 2118 participants in the review.,We combined the results of 2118 children and their parents to get a better understanding of how well they responded to treatment.
CD012445,7,rephrase,"Mindfulness-enhanced parent training programmes compared to parent training with no mindfulness component
Very low certainty evidence suggests there may be little to no difference postintervention in child emotional and behavioural adjustment (SMD −0.09, 95% CI −0.58 to 0.40; P = 0.71, I2 = 64%; 5 studies, 203 participants); parenting skills (SMD 0.13, 95% CI −0.16 to 0.42; P = 0.37, I2 = 16%; 3 studies, 319 participants); and parent mindfulness (SMD 0.11, 95% CI −0.19 to 0.41; P = 0.48, I2 = 44%; 4 studies, 412 participants).",We explored whether behavioural or skills-based parent training programmes with a mindfulness component – 'mindfulness-enhanced' parent training programmes – can improve outcomes for children and their caregivers.,"Studies compared two types of parenting programs: one that included teaching parents mindfulness and another that didn't. The results showed that there was likely no difference in how well children behaved or adjusted emotionally after the programs, as well as in parents' ability to manage their own emotions and be better parents."
CD012445,9,split,"Mindfulness-enhanced parenting training may improve some parent and child outcomes, with no studies reporting adverse effects.","When we combined the findings from these studies, we found that mindfulness-enhanced parent training, when compared to no intervention, may improve child emotional and behavioural adjustment, parenting skills, parenting stress, parental depression and anxiety, and mindfulness, but we are very uncertain about these results. No studies reported adverse effects or measured self-compassion.","Practicing mindfulness while raising children can have positive effects on both parents and kids, and so far, there's been no evidence of any negative consequences."
CD012445,10,split,"Evidence for the added value of mindfulness training to skills-based parenting training programmes is suggestive at present, with moderate reductions in parenting stress.","Evidence for the added value of mindfulness training when included in a skills-based parent training programme suggests that mindfulness training may further promote reductions in parenting stress, and may also further reduce parental depression or anxiety, but we are uncertain about these results. It is unclear from the current body of evidence whether adding mindfulness training to a skills-based parent training intervention has any further effect on child emotional and behavioural adjustment, parenting skills, or mindfulness.","Currently, there's some evidence suggesting that adding mindfulness to parenting classes can help reduce parents' stress levels."
CD012445,11,rephrase,"Given the very low to low certainty evidence reviewed here, these estimates will likely change as more high-quality studies are produced.",It is likely that these findings will change as more studies are undertaken in this area of research.,These predictions may be different when new and better research becomes available.
CD007835,1,rephrase,There were seven hospital-based and five community-based studies.,There were 12 relevant studies found: there were seven hospital-based and five community-based studies.,"Seven of these studies took place in hospitals, while five occurred in communities."
CD007835,2,ignore,In four studies maternal vaginal wash with chlorhexidine was done in addition to neonatal skin and cord care.,In four studies maternal vaginal wash with chlorhexidine was done in addition to neonatal skin and cord care.,"Mothers were given a special soap to clean their vagina, and their babies' skin and umbilical cord were also cleaned as part of standard newborn care."
CD007835,3,rephrase,"Newborn skin or cord cleansing with chlorhexidine compared to usual care in hospitals
Low-quality evidence from one trial showed that chlorhexidine cord cleansing compared to dry cord care may lead to no difference in neonatal mortality (RR 0.11, 95% CI 0.01 to 2.04).",Chlorhexidine cord cleansing compared to dry cord care may lead to no difference in neonatal mortality.,A study found that cleaning a newborn's umbilical cord with a special soap called chlorhexidine might not make a big difference in the number of babies who die shortly after birth compared to just letting it air dry.
CD007835,4,rephrase,"Moderate-quality evidence from two trials showed that chlorhexidine cord cleansing compared to dry cord care probably reduces the risk of omphalitis/infections (RR 0.48, 95% CI 0.28 to 0.84).","However, chlorhexidine cord cleansing probably reduces the risk of omphalitis or infections.",Two studies found that cleaning a newborn's umbilical cord with a special soap called chlorhexidine is likely to reduce the chance of getting an infection at the cord site by about half compared to just letting it air dry.
CD007835,7,rephrase,"Newborn skin or cord cleansing with chlorhexidine compared to usual care in the community
High-quality evidence from three trials showed that chlorhexidine cord cleansing compared to dry cord care reduces neonatal mortality (RR 0.81, 95% CI 0.71 to 0.92) and omphalitis/infections (RR 0.48, 95% CI 0.40 to 0.57).",Chlorhexidine cord cleansing compared to dry cord care reduces neonatal mortality and omphalitis or infections.,Using a special soap called chlorhexidine to clean the umbilical cord of newborns can help reduce deaths in the first few weeks of life and prevent infections around the cord.
CD007835,12,rephrase,"Findings from one trial showed that maternal vaginal cleansing in addition to total body cleansing results in increased risk of hypothermia (RR 1.33, 95% CI 1.19 to 1.49).",Maternal vaginal cleansing in addition to total body cleansing increases the risk of hypothermia.,Women who clean their vaginas and the rest of their bodies before giving birth are more likely to get too cold after delivery.
CD007835,13,rephrase,"Maternal vaginal chlorhexidine in addition to total body cleansing compared to no intervention (sterile saline solution) in the community
Low-quality evidence from one trial showed no difference between maternal vaginal chlorhexidine in addition to total body cleansing and no intervention on neonatal mortality (RR 0.20, 95% CI 0.01 to 4.03).",Maternal vaginal chlorhexidine in addition to total body cleansing compared to no intervention may lead to no difference in neonatal mortality.,A study found that using a special soap for the mother's vagina and washing her whole body did not reduce newborn deaths compared to just giving her a plain saltwater solution.
CD007835,14,rephrase,"Moderate-quality evidence from one trial showed that maternal vaginal chlorhexidine in addition to total body cleansing compared to no intervention probably reduces the risk of neonatal infections (RR 0.69, 95% CI 0.49 to 0.95).",Maternal vaginal chlorhexidine in addition to total body cleansing compared to no intervention probably reduces the risk of neonatal infections (none of the studies included in this comparison reported effects on omphalitis).,"One study found that when mothers use a special soap on their vagina and wash their whole body before giving birth, it might lower the chance of newborns getting an infection by about 31%."
CD007979,3,rephrase,"The email reminder changed health professional actions significantly, with professionals more likely to provide guideline-recommended osteoporosis treatment (bone density measurement or osteoporosis medication, or both) when compared with usual care.","It found that healthcare professionals who received an email reminder were more likely to provide guideline-recommended osteoporosis treatment than those who did not, and this may or may not have improved patient care.",A reminder sent by email helped healthcare workers give patients the right treatment for weak bones much more often than they would have without it.
CD007979,4,rephrase,The evidence for its impact on patient behaviours or actions was inconclusive.,We were unable to properly assess its impact on patient behaviours or actions as the results were mixed.,The study found no clear proof of how it affects patients' behavior.
CD007979,6,rephrase,The study did not assess health service outcomes or harms.,"The study did not measure how email affects health services, or whether email can cause harms.",This study didn't look at how well healthcare services worked or what problems they might cause.
CD007979,8,rephrase,"Only one study was identified for inclusion, providing insufficient evidence for guiding clinical practice in regard to the use of email for clinical communication between healthcare professionals.","In this review, we found only one study that focused on the effects of healthcare professionals using email to communicate with each other.",There wasn't enough research found to help doctors decide if using email is a good way to communicate with each other.
CD007979,9,rephrase,"Future research should aim to utilise high-quality study designs that use the most recent developments in information technology, with consideration of the complexity of email as an intervention.",Future research should look at the costs of using email and take into account ongoing changes in technology.,"Future studies should focus on using well-designed experiments that incorporate modern technology, while taking into account the challenges of using emails as a treatment method."
CD012681,0,rephrase,"We included 30 studies (18,682 participants in total).","We include 30 studies, describing 18,682 participants after treatment for childhood cancer.","We looked at a total of 30 research studies involving nearly 19,000 people."
CD012681,2,rephrase,"We found substantial differences between studies in cancer diagnosis, cancer treatment, age of participants, questionnaires used to assess fatigue, and sample size.","We found a lot of variation between studies in cancer diagnosis, cancer treatment, age of participants, the questionnaires used to assess fatigue, and the size of the study.","We discovered significant variations among research studies in how they diagnose and treat cancer, who participates, what questions are asked about tiredness, and the number of people involved."
CD012681,5,rephrase,"Eighteen studies (describing 14,573 survivors) reported the prevalence of severe fatigue, which ranged from 0% to 61.7%.","Eighteen studies reported a prevalence of severe fatigue, which ranged from 0% to 61.7%.","Most people who survived a serious illness experienced some level of extreme tiredness, with rates varying widely between different studies."
CD012681,6,rephrase,"In a subgroup of three studies including children aged up to 18 years at fatigue assessment (268 survivors), prevalence rates ranged from 6.7% to 12.5%.","For survivors aged 18 and younger, prevalence rates ranged from 6.7% to 12.5%.","Among some groups of children who were tested for how tired they felt, between 7 and 13 out of every 100 had a certain health problem."
CD012681,7,rephrase,"In comparison, in a subgroup of 12 studies including participants aged 16 and over (13,952 survivors), prevalence rates ranged from 4.4% to 61.7%.","By contrast, in studies including participants aged 16 years and over (but mostly over 18), prevalence rates ranged from 4.4% to 61.7%.","Among people aged 16 and older who survived the condition, the rate of having it varied widely - from about 1 in 23 to almost 2 out of every 3."
CD012681,8,rephrase,The prevalence of severe fatigue in a subgroup of survivors of haematological cancer was presented in seven studies and ranged from 1.8% to 35.9% (1907 survivors).,"When we looked at the prevalence of severe fatigue in survivors of lymphoma and leukaemia (types of blood cancers), we found that they ranged from 1.8% to 35.9%.","Many people who have survived blood cancers experience severe tiredness, with some studies showing that between 2% and 36% of these patients suffer from it."
CD012681,9,rephrase,Prevalence of severe fatigue in brain cancer survivors was presented in two studies (252 survivors) and was 14.6% and 21.1% respectively.,"Two studies reported on severe fatigue in brain cancer survivors, with rates of 21.13% and 14.6%.",Two studies found that about 15% to 21% of people who survived brain cancer experience severe fatigue.
CD012681,10,rephrase,One study presented a prevalence for bone cancer survivors of 0.0% (17 survivors).,One study in bone cancer survivors reported no cases of severe fatigue.,"Out of every group of people who survived bone cancer, none had it again."
CD012681,11,split,"Four studies provided prevalence rates of severe fatigue in control groups of siblings or population-based controls, which ranged from 3.1% to 10.3%.",Four studies reported a prevalence of severe fatigue in the patient's brothers and sisters or in population-based controls. Prevalence rates in these control groups ranged from 3.1% to 10.3%.,Four studies found that between 3 and 10 out of every 100 people without the condition experienced severe fatigue.
CD012681,12,split,"In these four studies, survivors were more often fatigued than controls, but this difference was statistically significant in only two studies.","In these four studies, survivors were more often fatigued than controls. This difference was only significant in two studies.","People who survived an illness or injury were often tired compared to those who didn't get sick, but the difference wasn't big enough to be sure it was real in all four studies."
CD012681,13,rephrase,"Studies assessing risk and associated factors for fatigue were heterogeneous, and definitions of the factors under study were often inconsistent, with results therefore presented descriptively.",Twenty-two studies assessed one or more possible risk factors for fatigue.,"The studies on why people get tired had different methods and didn't agree on what they meant by ""factors"" that contribute to fatigue, so their findings are described rather than compared."
CD012681,14,rephrase,They found that depression might be associated with fatigue.,Our review shows that depression might increase fatigue.,They discovered a link between feeling depressed and being extremely tired.
CD012681,15,rephrase,"In contrast, age at diagnosis and education level did not seem to be associated with fatigue.",The age at cancer diagnosis and the education level of the survivor did not seem to influence fatigue.,It doesn't appear that how old someone was when they were diagnosed or their level of education affects how tired they feel.
CD012681,17,ignore,"One study provided information about the course of fatigue over time, and found that over the course of 2.7 years, 32 of the 102 participants (31.4%) reported persistent severe fatigue.","Only one study provided information about the course of fatigue over time, and found that over the course of 2.7 years 32 of the 102 participants (31.4%) reported persistent severe fatigue.","A group of people with a long-term illness were tracked for nearly three years to see how their fatigue levels changed over time. After two and a half years, about one-third of them still had very bad fatigue that didn't go away."
CD012681,21,split,"The evidence in this review is therefore weak, and the exact prevalence of severe fatigue after treatment for childhood cancer remains to be determined.",The evidence to address our review question is therefore weak. The occurrence of severe fatigue after treatment for childhood cancer remains uncertain.,We don't have enough information yet to know how common it is for kids who've had cancer to feel extremely tired even after they're done with treatment.
CD012681,22,rephrase,This is also the case for the course of severe fatigue following treatment and the strength of the relationship between fatigue and associated and risk factors.,This is also the case for the course of severe fatigue after completion of cancer treatment and the risk factors that might be responsible for developing fatigue.,"Even after treatment, people often still experience severe fatigue, and it's linked to other health issues and risk factors."
CD010073,0,rephrase,"We included three quasi-randomised controlled trials, with a total of 149 women and their babies.",We included three small randomised trials involving 149 women in preterm labour in the review.,We looked at data from three studies involving 149 mothers and their newborns.
CD010073,1,rephrase,All three trials were at a high risk of bias.,These trials were conducted in the 1950s and had a high risk of bias overall.,The results of all three studies may be unreliable due to flaws in their design.
CD010073,5,rephrase,"None of the three included trials found significant differences in the outcomes of fetal death, neonatal death, birthweight or preterm birth, and no trial reported on longer-term outcomes for the babies.","Neither of the other two trials found clear differences in preterm birth, and no trial reported on longer-term outcomes for the babies.","The three studies reviewed did not find any significant differences in how often babies died before being born, were born too early, weighed too little at birth, or died shortly after birth."
CD010073,6,rephrase,There is limited randomised controlled trial evidence available on the effect of relaxin during pregnancy for preventing preterm birth for women in preterm labour.,We found no convincing evidence that relaxin (given by intravenous and intramuscular injection) can prevent preterm birth for women in preterm labour.,There isn't much research showing whether a hormone called relaxin can help prevent premature births in pregnant women who are already at risk.
CD010073,7,rephrase,"Evidence from one quasi-randomised trial suggested a reduction in birth within seven days of treatment for women receiving relaxin, compared with women in a control group, however this trial was at a high risk of bias and included only 30 women.","Only one of the studies, involving 30 women (and at a high risk of bias), reported on birth within seven days of treatment and found that women who received relaxin were less likely to give birth preterm within seven days of treatment, and were more likely to have a longer pregnancy than women who did not receive relaxin.","A small study found that women who took a hormone called relaxin were less likely to go into labor within seven days after treatment, but the results may not be reliable due to some flaws in how the study was conducted."
CD010073,8,rephrase,There is thus insufficient evidence to support or refute the use of relaxin in women in preterm labour for preventing preterm birth.,There is therefore insufficient evidence from this review to recommend relaxin as an intervention to prevent preterm birth for women in preterm labour.,We don't have enough research to know if a hormone called relaxin can help prevent premature births in women who are already having labor problems.
CD007337,0,rephrase,"Eighty-five completed trials were included, of which 76 trials contributed data to one or more of the outcomes.","We identified 85 completed trials, with 76 trials (4957 patients undergoing laparoscopic cholecystectomy) contributing data to at least one of the outcomes.",We looked at 85 studies and used data from 76 of them to see how different treatments affected various health outcomes.
CD007337,2,rephrase,Most trials only included participants undergoing elective laparoscopic cholecystectomy and those who were at low anaesthetic risk (ASA I and II).,The majority of participants were fit and healthy and undergoing laparoscopic cholecystectomy on a planned basis.,"Here's a rewritten version of the sentence for a general audience: ""Most studies only looked at people having a routine gallbladder removal surgery, where they didn't have any serious health problems that could be affected by anesthesia."""
CD007337,8,rephrase,Only two trials were at low risk of bias.,"The majority of the trials were at high risk of bias, this means that there was a chance that the wrong conclusions were reached because of the way the study was conducted.",Most of these studies had a good chance of producing unbiased results.
CD007337,9,split,"Seven trials received external funding, of these three were assessed to be at risk of conflicts of interest, a further 17 trials declared no funding.","Seven trials received funding for their research from external bodies, of these three trials were assessed to be at risk of conflicts of interest. A further 17 trials declared no funding.","Some studies got money from outside sources, but three of them might have had problems because of who was paying for them."
CD007337,12,split,"No trials reported data on health-related quality of life, return to normal activity or return to work.",None of the trials reported health-related quality of life. None of the trials reported return to activity or return to work.,Most studies didn't report how well patients' overall health and daily activities were affected after treatment.
CD007337,13,rephrase,"Pain scores, as measured by visual analogue scale (VAS), were lower in the intraperitoneal local anaesthetic instillation group compared to the control group at both four to eight hours (MD −0.99 cm VAS; 95% CI −1.19 to −0.79; 57 trials; 4046 participants; low-certainty of evidence) and nine to 24 hours (MD −0.68 cm VAS; 95% CI −0.88 to −0.49; 52 trials; 3588 participants; low-certainty of evidence).",Pain scores were lower in the group receiving intraperitoneal anaesthetic compared to those receiving controls at four to eight hours (57 trials; 4046 participants) and nine to 24 hours (52 trials; 3588 participants) as measured by a visual analogue score (a chart from 1cm to 10cm to indicate the level of pain).,"People who received a pain-relieving medicine directly into their abdomen had lower levels of pain compared to those in the control group, both at first and later after treatment."
CD007337,14,ignore,"In addition, we found two trials that were still ongoing, and one trial that was completed but with no published results.","In addition, we found two trials that are still ongoing, and one trial that was completed but with no published results.","We also found two studies that are still being conducted, and another study that finished but didn't have any results made public."
CD007337,15,ignore,All three trials are registered on the WHO trial register.,The three trials are registered on the WHO trial register.,The results of all three studies have been recorded and can be found on a public database.
CD007337,16,split,"We are very uncertain about the effect estimate of intraperitoneal local anaesthetic for laparoscopic cholecystectomy on all-cause mortality, serious adverse events, and proportion of patients discharged on the same day of surgery because the certainty of evidence was very low.","This means we are uncertain about where the value of true effect lies. Overall, the strength of the evidence was assessed to be of very low or low certainty, which means the benefits or harms of local anaesthetic for laparoscopic cholecystectomy could be greater or smaller.","We're not sure if using a special kind of painkiller during gallbladder surgery affects how likely someone is to die or have serious complications, but we don't have enough reliable information to be confident about it."
CD007337,18,split,We found that intraperitoneal local anaesthetic probably results in a small reduction in length of stay in hospital after surgery.,We found moderate-certainty evidence that intraperitoneal local anaesthetic probably results in a reduction in length of hospital stay. We did not find any clear evidence that intraperitoneal local anaesthetic instillation affects the proportion of patients that are discharged the same day of surgery.,Giving pain relief directly into the tummy during surgery might help patients recover and go home from hospital a little bit sooner.
CD007337,19,rephrase,We found that intraperitoneal local anaesthetic may reduce pain at up to 24 hours for low-risk patients undergoing laparoscopic cholecystectomy.,"We found that intra-peritoneal local anaesthetic administration reduces pain scores after laparoscopic cholecystectomy in a randomised trial setting, but this evidence was of low certainty.","For people with a low risk of complications, injecting a painkiller directly into the abdomen during gallbladder surgery can help control pain for up to a day after the operation."
CD006912,0,rephrase,Five retrospective cohort studies (535 women with a diagnosis of GCT) that used appropriate statistical methods for adjustment were included in the review.,Five retrospective studies (including 535 women with a diagnosis of GCT) met our inclusion criteria.,"We looked at five previous studies that followed groups of 535 women who had been diagnosed with a type of cancer called Germ Cell Tumor, and made sure they used good methods to compare their results."
CD006912,1,rephrase,"Two studies, which carried out multivariate analyses that attempted to identify factors associated with better outcomes (in terms of overall survival), reported no apparent evidence of a difference in overall survival between surgical approaches, whether a participant underwent lymphadenectomy or received adjuvant chemotherapy or radiotherapy.","Two studies, which attempted to identify factors associated with better outcomes (in terms of overall survival), suggested that no apparent evidence could be found of differences in overall survival between surgical approaches (including whether the surgery was keyhole or open) whether a patient underwent lymphadenectomy (removal of lymph nodes) or received adjuvant chemotherapy or radiotherapy.","Two studies looked at how different treatments affected patients' chances of living longer. They found that the type of surgery didn't make a difference in how long people lived, regardless of whether they also had other treatments like radiation or chemotherapy."
CD006912,2,ignore,Only percentage of survival for all participants combined was reported in two trials and was not reported at all in one study.,Only percentage of survival for all women combined was reported in two trials and was not reported at all in one study.,"Survival rates were only mentioned together for all patients in two studies, but weren't reported at all in another."
CD006912,3,rephrase,"One study showed that women who received postoperative radiotherapy had lower risk of disease recurrence compared with those who underwent surgery alone (adjusted hazard ratio (HR) 0.3, 95% confidence interval (CI) 0.1 to 0.6, P value 0.04).",One study showed that women who received postoperative radiotherapy had lower risk of disease recurrence compared with those who underwent only surgery.,"Women who received radiation treatment after surgery were less likely to have their cancer come back compared to those who only had surgery. I replaced the following technical terms: * ""postoperative radiotherapy"" with ""radiation treatment after surgery"" * ""disease recurrence"" with ""cancer come back"" * ""adjusted hazard ratio (HR)"" is a statistical term that can be omitted without losing the main finding * ""95% confidence interval (CI) 0.1 to 0.6"" is removed as it's not essential for understanding the main result * ""P value 0.04"" is also removed, but if"
CD006912,4,rephrase,"Three studies reportedthat there was no evidence of differences in disease recurrence based on execution and type of adjuvant chemotherapy or on type of surgery or surgical approach, other than that surgical staging may be important.","In three studies, no apparent evidence to suggest that disease recurrence was associated with type of adjuvant chemotherapy or type of surgery, although surgical staging may be important.","Three studies found that the type of cancer treatment after surgery, including the kind of chemo used, did not affect how often the disease came back."
CD006912,5,rephrase,One study described no apparent evidence of a difference in disease recurrence between fertility-sparing surgery and conventional surgery.,"In one study, disease recurrence was not noted to be different between patients who underwent fertility-sparing surgery, where only the affected fallopian tube and ovary were removed, and those treated with conventional surgery, in which both tubes and ovaries were removed.",Researchers found no difference in how often the disease came back after two different types of surgery.
CD006912,6,ignore,Recurrence-free survival was not reported in one study.,Recurrence-free survival was not reported in one study.,The researchers didn't report how long patients stayed healthy without their condition coming back.
CD006912,7,ignore,Toxicity and adverse event data were incompletely reported in the five studies.,Toxicity and adverse event data were incompletely reported in the five studies.,The results of these five studies didn't fully report how safe or harmful the treatments were.
CD006912,8,ignore,None of the five studies reported on quality of life (QoL).,None of the five studies reported on quality of life.,None of these studies looked at how well patients were doing in their daily lives.
CD006912,9,rephrase,All studies were at very high risk of bias.,All studies were at very high risk of bias (low quality).,The research had a big problem with its reliability because it was based on flawed and untrustworthy data.
CD006912,12,rephrase,"The available evidence is very limited, and the review provides only low-quality evidence.","Overall, the evidence in this review is of low quality, which may seriously weaken confidence in the results.","There's not much research on this topic, and what we do have isn't very reliable."
CD006912,13,rephrase,Further research is very likely to have an important impact on our confidence in the estimate of effect and may alter our findings.,Further research is very likely to have an important impact on evidence provided in the future.,"More studies are probably needed to make us more confident about how big a difference this treatment makes, and it might even change what we've already found."
CD006912,17,rephrase,"The study that may be able to provide answers to the question of which chemotherapeutic regimen should be selected for management of sex cord stromal tumours is an ongoing, randomised, phase 2 study, led by the Gynaecological Oncology Group to compare the efficacy of carboplatin and paclitaxel versus standard BEP.","The study that may be able to answer the question regarding best choice of chemotherapy in sex cord stromal tumours is an ongoing randomised study comparing the efficacy of two drugs (carboplatin and paclitaxel) versus standard chemotherapy (BEP - bleomycin, etoposide, cisplatin).","Researchers are currently conducting a clinical trial to determine which chemotherapy treatment works best for certain types of ovarian tumors. (Note: I replaced ""sex cord stromal tumours"" with ""certain types of ovarian tumors"", as it is more understandable for general audience, and removed the unnecessary details about the study being phase 2 and led by the Gynaecological Oncology Group.)"
CD006912,19,rephrase,Additional trials are required to assess toxicity and QoL associated with different treatment regimens as well as the safety of conservative surgical options.,Such trials are required to assess toxicity and quality of life associated with different treatments and to assess the safety of the types of surgery used.,"More studies are needed to see how safe and effective different treatments are, including surgery, and to understand their impact on patients' quality of life."
CD003285,0,rephrase,Two randomised trials with a total of 161 participants were included in this review.,Two trials with 161 participants with PAD were included in this review.,This study looked at data from two experiments involving a total of 161 people.
CD003285,1,rephrase,The studies did not report on mortality and rate of limb loss.,None of the other predefined primary outcomes (mortality and rate of limb loss) were assessed in these studies.,The studies didn't mention how many people died or lost a limb.
CD003285,2,rephrase,"One randomised trial with a total of 133 participants showed that there was a significant improvement in ankle brachial index (ABI) in participants who received folic acid compared with placebo (mean difference (MD) 0.07, 95% confidence interval (CI) 0.04 to 0.11, P < 0.001) and in participants who received 5-methyltetrahydrofolate (5-MTHF) versus placebo (MD 0.05, 95% CI 0.01 to 0.10, P = 0.009).",One trial showed a significant  improvement in the ankle brachial index (ABI) in participants treated daily with 400 μg folic acid or 5-methyltetrahydrofolate (5-MTHF).,A study with 133 people found that taking folic acid or a related form of the vitamin called 5-MTHF improved blood flow in their ankles compared to a placebo.
CD003285,3,rephrase,A second trial with a total of 18 participants showed that there was no difference (P non-significant) in ABI in participants who received a multivitamin B supplement (mean ± SEM: 0.7 ± 01) compared with placebo (mean ± SEM: 0.8 ± 0.1).,A second trial showed that there was no difference in ABI in participants who received a multivitamin B supplement compared with placebo.,"A second study involving 18 people found that taking a multivitamin B supplement did not improve blood flow in the body compared to taking a dummy pill, as measured by a test called ABI."
CD006728,1,rephrase,"The studies were very heterogeneous in terms of interventions, participants, and measuring instruments.","The small number of randomised controlled trials included in the review were very heterogeneous, and therefore difficult to synthesise.","The research was very different from each other in terms of what treatments were used, who participated, and how their progress was measured."
CD006728,2,rephrase,"Despite fairly good methodological quality and positive findings of some studies, evidence for the effectiveness of family therapy for depression did not exceed level 3 (limited or conflicting evidence), except for moderate evidence (level 2), based on the non-combined findings from three studies, indicating that family therapy is more effective than no treatment or waiting list condition on decreasing depression, and on increasing family functioning.","Family therapy seems more effective than no treatment or being placed on a waiting list, but it remains unclear how effective this intervention is in comparison to other interventions.","Even though some studies were well done and showed positive results, there's not enough strong evidence to prove that family therapy is highly effective for treating depression. However, it does seem to be more helpful than doing nothing or just waiting, and can also improve how families work together."
CD006728,4,split,"At this point, use of psychological interventions for the treatment of depression for which there is already an evidence-base would seem to be preferable to family therapy.","This review looks at whether family therapy is an effective intervention in treating people of any age with depression. Family therapy for depression is widely used, especially in the United Kingdom and the United States.","When we have good evidence that a certain type of talk therapy works for treating depression, it's probably better to use that approach rather than family therapy."
CD006728,5,rephrase,Further high quality trials examining the effectiveness and comparative effectiveness of explicitly defined forms of family therapy are required.,Further randomised controlled trials are needed.,More studies are needed to see if different types of family therapy really work better than others.
CD007082,0,rephrase,We identified a total of 9188 citations and included 15 RCTs conducted on 2242 participants in this review.,We found 15 randomized controlled trials on 2242 participants addressing this question.,We found 9188 references to previous studies and looked at 15 experiments involving 2242 people for this review.
CD007082,1,split,All trials used the LMA Classic in American Society of Anesthesiologists (ASA) physical status I or II for patients undergoing elective general anaesthesia.,All the trials were performed in individuals who were not seriously ill under elective general anaesthesia. A LMA Classic was used for all studies.,"Here's a rewritten version of the biomedical sentence for a general audience: ""All studies used a specific breathing tube called the LMA Classic for patients who were healthy enough to undergo routine surgery under general anesthesia."""
CD007082,2,rephrase,Children were enrolled in 11 trials and adults in five trials.,Children were enrolled in 11 studies and adults in five studies.,"""Kids participated in 11 studies, while grown-ups took part in 5."""
CD007082,3,ignore,None of the trials were of high methodological quality.,None of the trials were of high methodological quality.,The studies didn't follow a good research plan.
CD007082,8,rephrase,"The quality of evidence was very low that the risk of coughing was less after early removal (13.9%) than late removal (19.4%): RR 0.52, 95% CI 0.29 to 0.94; 11 trials, 1430 participants.","Coughing was less frequent after early removal of the LMA, with a risk of 13.9% as compared to the risk of 19.4% after late removal of the LMA.","Research suggests that removing a medical device early may reduce the likelihood of coughing compared to waiting until later, but more studies are needed to confirm this finding."
CD007082,10,rephrase,"We found low quality evidence that the risk of airway obstruction was higher with early removal (15.6%) compared to late removal of the LMA (4.6%): RR 2.69, 95% CI 1.32 to 5.5; eight trials, 1313 participants.","However, airway obstruction was more likely after early removal, with a risk of 15.6%, as compared to a risk of 4.6% after late removal of the LMA.","Removing the breathing tube too soon increases the risk of airway blockage by about three times compared to removing it later, based on studies involving over 1300 people."
CD007082,11,rephrase,This systematic review suggests that current best evidence comparing early versus late removal of the LMA in participants undergoing general anaesthesia does not demonstrate superiority of either intervention.,"Thus, overall, this systematic review suggests that with the current available evidence, early and late removal of the LMA are comparable in persons undergoing general anaesthesia, and neither is superior in terms of safety.","A recent study looked at whether it's better to remove a breathing tube (called an LMA) right away or later on, after surgery. The results show that neither approach is clearly better than the other."
CD007082,12,rephrase,"However, the quality of evidence available is either low or very low.",The quality of the evidence that is available is either low or very low for all the outcomes described.,The research findings aren't based on strong evidence.
CD006063,0,rephrase,Eighteen trials which randomised 3888 people to rosiglitazone treatment were identified.,Eighteen trials randomised 3888 people to rosiglitazone therapy.,"Researchers found 18 studies involving a total of nearly 4,000 people who took a medication called rosiglitazone."
CD006063,1,rephrase,Longest duration of therapy was four years with a median of 26 weeks.,"The longest duration of rosiglitazone treatment was four years, most trials lasted around half a year.","The longest treatment lasted about 4 years, but most people were treated for around 6 months."
CD006063,2,rephrase,"Published studies of at least 24 weeks rosiglitazone treatment in people with type 2 diabetes mellitus did not provide evidence that patient-oriented outcomes like mortality, morbidity, adverse effects, costs and health-related quality of life are positively influenced by this compound.","Unfortunately, the published studies of at least 24 weeks rosiglitazone treatment in people with type 2 diabetes mellitus did not provide relevant evidence that patient-oriented outcomes are positively influenced by this agent.","Studies lasting at least six months showed that the medication rosiglitazone does not improve important outcomes for people with type 2 diabetes, such as their chances of dying, getting sick, or experiencing side effects."
CD006063,5,rephrase,The single large RCT (ADOPT - A Diabetes Outcomes Progression Trial) indicated increased cardiovascular risk.,The single large randomised controlled trial showed evidence of raised cardiovascular risk after rosiglitazone treatment.,One big study found that people with diabetes are more likely to have heart problems.
CD006063,8,rephrase,Safety data and adverse events of all investigations (published and unpublished) should be made available to the public.,"New ways of exploring drug effects, for example by early long-term studies in many people, as well as public access to all safety data of published and unpublished investigations have to be established.","All research findings, including any problems or side effects, should be shared with the public."
CD004312,0,rephrase,"We included one RCT of moderate overall risk of bias (as multiple domains were at unclear risk of bias), which included 66 BtA-naive participants with cervical dystonia.","The study included 66 participants, who had experienced cervical dystonia for an average of 9.4 years, but had never received BtA treatment.","We analyzed a study that involved 66 people who had never been treated for a condition called cervical dystonia, and we found that the study's results might not be entirely trustworthy because it has some flaws."
CD004312,1,rephrase,Two doses of BtA (Dysport; week 0 and 8; mean dose 262 to 292 U) were compared with daily trihexyphenidyl (up to 24 mg daily).,We found one study that compared treatment with BtA (Dysport) versus an anticholinergic drug (trihexyphenidyl) for 12 weeks.,"Researchers compared two treatments for a certain condition. One treatment used injections of Dysport every 2 weeks, while the other treatment involved taking a medication called trihexyphenidyl once a day."
CD004312,2,rephrase,The trial was sponsored by the BtA producer.,The trial was funded by the BtA drug manufacturer.,The study was supported by the company that makes the BtA product.
CD004312,7,rephrase,"We found no information on a dose-response relationship with BtA, differences between BtA formulations or different anticholinergics, the utility of electromyography-guided injections, or the duration of treatment effect.","We found no information on the effects of different doses of BtA, different formulas of BtA or types of anticholinergics, the usefulness of guiding injections by electromyography, or how long the effects lasted.","We couldn't find any evidence that shows how well certain treatments work together, which ones are most effective, or how long their benefits last."
CD002945,0,rephrase,"Four studies involving 127,891 men and 9342 women were included in this review.","This review identified four controlled trials involving 127,891 men and 9342 women who were randomly assigned to aortic aneurysm screening using ultrasound or no screening.","This review looked at data from four studies that involved a total of over 128,000 men and nearly 9,400 women."
CD002945,1,rephrase,Only one study included women.,Only one trial included women.,Only one of the studies looked at women.
CD002945,3,rephrase,"Three to five years after screening there was no significant difference in all-cause mortality between screened and unscreened groups for men or women (men, odds ratio (OR) 0.95; 95% Confidence interval (CI) 0.85 to 1.07; for women OR 1.06; 95% CI 0.93 to 1.21).","All-cause mortality was not significantly different between screened and unscreened groups some three to five years after screening, which is to be expected given the relative infrequency of abdominal aortic aneurysm as a cause of death.","After three to five years, there was no difference in the number of deaths between people who had been screened and those who hadn't, whether they were men or women."
CD002945,6,rephrase,There was also a decreased incidence of ruptured aneurysm in men (OR 0.45; 95% CI 0.21 to 0.99) but not in women (OR 1.49; 95% CI 0.25 to 8.94).,From one trial there was also a decreased incidence of ruptured aneurysm in men but not women.,"Men who took the treatment were less likely to have a ruptured aneurysm, but it didn't seem to make a difference for women."
CD002945,7,rephrase,There was a significant increase in surgery for AAA in men (OR 2.03; 95% CI 1.59 to 2.59).,"Men who had been screened underwent more surgery for abdominal aortic aneurysm (OR 2.03; range 1.59 to 2.59, four trials) but resource analysis appears to demonstrate overall cost effectiveness of screening.",Men are more likely to have surgery for an abdominal aortic aneurysm than women.
CD002945,9,ignore,"There were no data on life expectancy, complications of surgery or subjective quality of life.","There were no data on life expectancy, complications of surgery or quality of life.","We don't have any information about how long people can expect to live after this surgery, what problems they might experience as a result, or how happy or unhappy they feel."
CD002945,10,split,There is evidence of a significant reduction in mortality from AAA in men aged 65 to 79 years who undergo ultrasound screening.,"The results provide evidence of a benefit from screening in men with a strongly significant reduction in deaths from abdominal aortic aneurysm. The odds ratio (OR) for death was 0.60 (range 0.47 to 0.78, three trials) in men aged 65 to 83 years but was not reduced for women.",Men between 65 and 79 years old who get screened with an ultrasound are less likely to die from an abdominal aortic aneurysm.
CD005960,0,rephrase,Nineteen trials providing outcome data for 1597 young to middle-aged adults were included.,This review included 19 studies reporting the outcomes of ACL reconstruction with patellar tendon versus hamstring tendon grafts in a total of 1597 young to middle-aged adults.,"19 studies with results from over 1,500 people aged between young and middle-aged were analyzed."
CD005960,1,rephrase,"Many trials were at high risk of bias reflecting inadequate methods of randomization, lack of blinding and incomplete assessment of outcome.",Many trials used flawed methods that might have affected their results.,"The studies had a high chance of being unfair because they didn't randomly assign participants properly, keep the results secret, or measure the outcomes thoroughly."
CD005960,2,rephrase,"Pooled data for primary outcomes, reported in a minority of trials, showed no statistically significant differences between the two graft choices for functional assessment (single leg hop test), return to activity, Tegner and Lysholm scores, and subjective measures of outcome.",The limited data available for functional outcomes including patient-rated assessment did not show whether one graft was better than the other.,"When looking at the results from many studies combined, there was no noticeable difference in how well patients recovered after surgery, whether they received one type of graft or another."
CD005960,3,rephrase,There were also no differences found between the two interventions for re-rupture or International Knee Documentation Committee scores.,"Similarly, there were no differences found between the two types of graft for re-rupture or in the results of an internationally used knee score.",Both treatments had similar results when it came to preventing knee injuries and improving knee function.
CD005960,5,rephrase,"All tests (instrumental, Lachman, pivot shift) for static stability consistently showed that PT reconstruction resulted in a more statically stable knee compared with HT reconstruction.",All tests for knee stability favoured patellar tendon grafts.,"After reconstructing the patellar tendon, patients had a stronger and more stable knee than when the hamstring tendons were used to repair it."
CD005960,6,split,"Conversely, patients experienced more anterior knee problems, especially with kneeling, after PT reconstruction.","Conversely, people had more anterior knee pain and discomfort with kneeling after patellar tendon reconstruction. After patellar tendon reconstruction, more people had some loss in their ability to straighten out their leg at the knee. In contrast, more people had some loss in their ability to bend their leg at the knee after hamstring tendon reconstruction.",Patients who had surgery to repair their patellar tendon (PT) were more likely to have knee pain and problems when they knelt.
CD005960,9,rephrase,The clinical importance of the above range of motion losses is unclear.,It is not clear how important these losses in range of motion of the knee were to the patients themselves.,It's not clear how much a loss of movement affects patients' health.
CD005960,10,rephrase,There is insufficient evidence to draw conclusions on differences between the two grafts for long-term functional outcome.,The review concluded that the current evidence was insufficient to recommend which of the two types of graft was better for ACL reconstruction.,We don't have enough information to know if one type of transplant works better than another over a long period.
CD011845,0,rephrase,We include five RCTs (971 participants) of mHealth-delivered education interventions for people with HF in this review.,We include in this review five randomised controlled trials (971 participants) of mHealth-delivered education interventions for people with HF.,"This review includes five studies on using mobile apps to teach heart failure patients about their condition, involving a total of 971 participants."
CD011845,2,rephrase,"Mean age of participants ranged from 60 years to 75 years, and 63% of participants across the studies were men.",The average age of participants ranged from 60 years to 75 years and 63% of participants were men.,"The people who took part in these studies were mostly older adults, with an average age between 60 and 75. About two-thirds of them were men."
CD011845,3,ignore,"Studies originated from Australia, China, Iran, Sweden, and The Netherlands.","Studies came from Australia, China, Iran, Sweden and The Netherlands.","Researchers from several countries, including Australia, China, Iran, Sweden, and the Netherlands, were involved in these studies."
CD011845,5,rephrase,"Three studies addressed HF knowledge, revealing that the use of mHealth-delivered education programmes showed no evidence of a difference in HF knowledge compared to usual care (MD 0.10, 95% CI −0.2 to 0.40, P = 0.51, I2 = 0%; 3 studies, 411 participants; low-quality evidence).",Five studies addressed HF knowledge; we found that the use of mHealth-delivered education programmes showed no evidence of a difference in HF knowledge compared to usual care.,Three studies looked at how well people understood heart failure (HF). They found that using mobile apps to teach them about HF didn't make a difference compared to the usual way of learning.
CD011845,6,split,"One study assessing self-efficacy reported that both study groups had high levels of self-efficacy at baseline and uncertainty in the evidence for the intervention (MD 0.60, 95% CI −0.57 to 1.77; P = 0.31; 1 study, 29 participants; very low-quality evidence).Three studies evaluated HF self-care using different scales.",One study assessing self-efficacy reported uncertainty in the evidence for mHealth-delivered education compared with usual care. Three studies evaluated HF self-care using different scales.,"A study on how confident people feel in their ability to manage a health condition found that both groups were already quite confident at the start of the study, but there wasn't enough reliable information to say if a new intervention helped or not."
CD011845,7,rephrase,"We did not pool the studies due to the heterogenous nature of the outcome measures, and the evidence is uncertain.","We did not combine the studies, because of the differences between the outcome measures, and the evidence is uncertain.","Because the different studies were measuring success in different ways, we couldn't combine them into a single result, so the findings are unclear."
CD011845,8,rephrase,None of the studies reported adverse events.,The studies did not report any side effects of the interventions.,None of the studies found any serious problems or side effects.
CD011845,11,ignore,Three studies reported on HF-related hospitalisation.,Three studies reported on HF-related hospitalisation rates.,"Here's a rewritten version of the sentence: ""Three research studies looked at how often people with heart failure had to go to the hospital."""
CD011845,12,rephrase,"The use of mHealth-delivered education may result in little to no difference in HF-related hospitalisation (OR 0.74, 95% CI 0.52 to 1.06; P = 0.10, I2 = 0%; 3 studies, 894 participants; low-quality evidence).",The use of mHealth-delivered education may result in little to no difference in HF-related hospitalisations.,"Using mobile health education may not significantly reduce the number of people who are hospitalized due to heart failure. (Note: I preserved the original meaning by keeping the main finding that mHealth-delivered education has little to no effect on hospitalization rates for heart failure. I replaced technical terms like ""mHealth"" with a simpler alternative, and removed unnecessary statistical details.)"
CD011845,13,rephrase,"We downgraded the quality of the studies due to limitations in study design and execution, heterogeneity, wide confidence intervals and fewer than 500 participants in the analysis.","We rated the quality of the evidence as very low to low, due to limitations in study design and execution and fewer than 500 participants in the analysis.","We had to lower our trust in the results because some of the studies were poorly designed or executed, they varied too much from each other, and there wasn't enough data from a large enough group."
CD011845,14,split,"We found that the use of mHealth-delivered educational interventions for people with HF shows no evidence of a difference in HF knowledge; uncertainty in the evidence for self-efficacy, self-care and health-related quality of life; and may result in little to no difference in HF-related hospitalisations.","There is no evidence for a difference in the use of mHealth-delivered educational intervention for people with HF on HF knowledge. There is uncertainty in the evidence for self-efficacy, self-care and health-related quality of life. There may be little to no difference in HF-related hospitalisations, compared to usual care.","Using mobile apps to teach people with heart failure how to manage their condition did not improve their knowledge about it. It's unclear if these apps helped people feel more confident in taking care of themselves, and they didn't seem to reduce the number of times people were hospitalized for heart problems."
CD011845,15,rephrase,The identification of studies currently underway and those awaiting classification indicate that this is an area of research from which further evidence will emerge in the short and longer term.,This is an area of HF research from which further evidence will emerge in the short and longer term.,"More research is being done in this field, so we can expect to learn more about it soon."
CD013795,0,rephrase,We included 67 studies and sampled 43 studies for our analysis.,We sampled 43 studies from 26 countries for our analysis.,We looked at data from 67 different research projects and selected 43 of them to use in our study.
CD013795,1,ignore,"Most were from low- or middle-income countries (33 studies), and most included the perspectives of women and health workers.",Most studies were from low- or middle-income countries (33 studies) and included the perspectives of women and health workers.,"The majority of these studies came from poorer countries, and many involved the opinions of women and healthcare professionals."
CD013795,2,ignore,"We downgraded our confidence in several findings from high confidence to moderate, low, or very-low confidence, mainly due to concerns about how the studies were conducted (methodological limitations) or concerns about missing important perspectives from some types of participants or in some settings (relevance).","We downgraded our confidence in several findings from high confidence to moderate, low, or very-low confidence, mainly because we had concerns about how the studies were conducted (methodological limitations) or about missing important perspectives from some types of participants or in some settings (relevance).",We reduced our trust in some research results because we have doubts about how they were done and because some groups of people may not be represented.
CD013795,3,ignore,"In many communities, bleeding during and after childbirth is considered ""normal"" and necessary to expel ""impurities"" and restore and cleanse the woman's body after pregnancy and birth (moderate confidence).","In many communities, bleeding during and after childbirth is considered ""normal"" and necessary to expel ""impurities"" and restore and cleanse the woman's body after pregnancy and birth (moderate confidence).","Bleeding after giving birth is often seen as a normal part of recovery, helping to clean out the uterus and get the mother's body back to its pre-pregnancy state."
CD013795,4,ignore,"In some communities, people have misconceptions about causes of PPH or believe that PPH is caused by supernatural powers or evil spirits that punish women for ignoring or disobeying social rules or for past mistakes (high confidence).","In some communities, people have misconceptions about causes of PPH, including that PPH is caused by supernatural powers or evil spirits that punish women for ignoring or disobeying social rules or for past mistakes (high confidence).","Some communities think that postpartum hemorrhage (PPH) is caused by bad luck, magic, or being punished for not following social rules."
CD013795,5,ignore,"For women who give birth at home or in the community, female family members or traditional birth attendants are the first to recognise excess bleeding after birth (high confidence).","For women who give birth at home or in the community, female family members or traditional birth attendants are the first to recognise excess bleeding after birth (high confidence).","When a woman gives birth at home or in her community, it's usually a family member or someone trained to help with births who first notices if she's bleeding too much after giving birth."
CD013795,6,ignore,"Family members typically take the decision of whether and when to seek care if PPH is suspected, and these family members are often influenced by trusted traditional birth attendants or community midwives (high confidence).","Family members typically take the decision of whether and when to seek care if PPH is suspected, and these family members are often influenced by trusted traditional birth attendants or community midwives (high confidence).","When a woman has severe bleeding after giving birth, it's usually her family who decides what to do next. They might get advice from someone they trust, like a traditional birth attendant or a community midwife."
CD013795,7,ignore,"If PPH is identified for women birthing at home or in the community, decision-making about the subsequent referral and care pathway can be multifaceted and complex (high confidence).","If PPH is identified for women birthing at home or in the community, decision-making about the subsequent referral and care pathway can be multi-faceted and complex (high confidence).","When a woman has a severe bleeding problem during childbirth outside of a hospital, deciding what to do next can be confusing and complicated."
CD013795,8,ignore,First responders to PPH are not always skilled or trained healthcare providers (high confidence).,First responders to PPH are not always skilled or trained healthcare providers (high confidence).,"When someone has a severe bleeding problem, the first people on the scene may not be doctors or nurses."
CD013795,9,ignore,"In health facilities, midwives may consider it easy to implement visual estimation of blood loss with a kidney dish or under-pad, but difficult to accurately interpret the amount of blood loss (very low confidence).","In health facilities, midwives may consider it easy to implement visual estimation of blood loss with a kidney dish or underpad, but difficult to accurately interpret the amount of blood loss (very low confidence).","Midwives might find it simple to use a kidney dish or special pad to estimate how much blood is lost during delivery, but they may struggle to get an accurate count."
CD013795,10,ignore,Quantifying (rather than estimating) blood loss may be a complex and contentious change of practice for health workers (low confidence).,Quantifying (rather than estimating) blood loss may be a complex and contentious change of practice for health workers (low confidence).,"Accurately measuring blood loss, rather than just guessing it, can be a difficult and disputed new approach for healthcare professionals."
CD013795,11,ignore,"Women who gave birth in health facilities and experienced PPH described it as painful, embarrassing, and traumatic.","Women who gave birth in health facilities and experienced PPH described it as painful, embarrassing, and traumatic.","Women who had a severe bleeding problem after giving birth at a hospital found it very painful, humiliating, and distressing."
CD013795,12,ignore,Partners or other family members also found the experience stressful.,Partners or other family members also found the experience stressful.,Family and friends of patients often find the experience stressful too.
CD013795,13,ignore,"While some women were dissatisfied with their level of involvement in decision-making for PPH management, others felt health workers were best placed to make decisions (moderate confidence).","While some women were dissatisfied with their level of involvement in decision-making for PPH management, others felt health workers were best placed to make these decisions (moderate confidence).","Some women wanted more say in deciding how to treat a serious bleeding problem after childbirth, but others thought it was better to leave the decision up to healthcare professionals."
CD013795,14,ignore,"Inconsistent availability of resources (drugs, medical supplies, blood) causes delays in the timely management of PPH (high confidence).","Inconsistent availability of resources (drugs, medical supplies, blood) cause delays in the timely management of PPH (high confidence).","Not having enough medicine, bandages, and blood on hand is causing doctors to delay treating women who are bleeding too much after giving birth."
CD013795,16,ignore,"Health workers described working on the maternity ward as stressful and intense due to short staffing, long shifts, and the unpredictability of emergencies.","Health workers described working on the maternity ward as stressful and intense due to short staffing, long shifts, and the unpredictability of emergencies.","Working on the maternity ward can be very stressful because there aren't enough staff members, nurses have to work long hours, and unexpected medical emergencies can happen at any time."
CD013795,17,ignore,"Exhausted and overwhelmed staff may be unable to appropriately monitor all women, particularly when multiple women are giving birth simultaneously or on the floor of the health facility; this could lead to delays in detecting PPH (moderate confidence).","Exhausted and overwhelmed staff may be unable to appropriately monitor all women, particularly when multiple women are giving birth simultaneously or on the floor of the health facility; this could lead to delays in detecting PPH (moderate confidence).","Overworked hospital staff might struggle to keep an eye on every woman giving birth at the same time, which could cause a delay in spotting problems with heavy bleeding after childbirth."
CD013795,18,ignore,"Inadequate staffing, high turnover of skilled health workers, and appointment of lower-level cadres of health workers are key challenges to the provision of quality PPH care (high confidence).","Inadequate staffing, high turnover of skilled health workers, and appointment of lower-level cadres of health workers make it challenging to provide quality PPH care (high confidence).","Not having enough trained healthcare staff, a lot of them leaving their jobs, and hiring less experienced workers make it hard to provide good care for women who have severe bleeding after childbirth."
CD013795,19,ignore,"Through team-based simulation training, health workers of different cadres (doctors, midwives, lay health workers) can develop a shared mental model to help them work quickly, efficiently, and amicably as a team when managing women with PPH (moderate confidence).","Through team-based simulation training, health workers of different cadres (doctors, midwives, lay health workers) can develop a shared mental model to help them work quickly, efficiently, and amicably as a team when managing women with PPH (moderate confidence).","Healthcare workers from different roles can learn together through simulation training, so they can work well together to care for women who are bleeding heavily during pregnancy. (Note: I replaced ""cadres"" with ""roles"", and ""PPH"" with ""bleeding heavily during pregnancy"", to make the language more accessible to a general audience.)"
CD000443,0,rephrase,"We included 17 trials, recruiting 2422 participants, for which outcome data are currently available.",We identified 17 clinical trials recruiting 2422 stroke patients (searching completed to January 2017).,We looked at 17 studies involving a total of 2422 people whose results we could analyze.
CD000443,1,rephrase,Participants tended to be a selected elderly group of stroke survivors with moderate disability.,Patients who were recruited tended to have a moderate degree of disability (able to walk with assistance) and be sufficiently well to consider returning home.,The study participants were mostly older adults who had survived a stroke and still had some physical limitations.
CD000443,2,rephrase,The ESD group showed reductions in the length of hospital stay equivalent to approximately six days (mean difference (MD) -5.5; 95% confidence interval (CI) -3 to -8 days; P < 0.0001; moderate-grade evidence).,The length of initial stay in hospital was reduced by approximately five days for the ESD group.,"Patients who received treatment for ESD had significantly shorter hospital stays, averaging about five and a half fewer days in the hospital compared to those who didn't receive this treatment."
CD000443,10,rephrase,Estimated costs from six individual trials ranged from 23% lower to 15% greater for the ESD group in comparison to usual care.,"When compared with usual care, costs of ESD services ranged from a reduction to a modest increase.","The cost of a new treatment called ESD was either 23% less expensive or 15% more expensive than standard care, depending on the specific study."
CD000443,11,rephrase,"In a series of pre-planned analyses, the greatest reductions in death or dependency were seen in the trials evaluating a co-ordinated ESD team with a suggestion of poorer results in those services without a co-ordinated team (subgroup interaction at P = 0.06).",The greatest reductions in disability seemed to be present in trials based around a co-ordinated ESD team.,"When we looked closely at the data, we found that hospitals that worked together as a team to care for patients had significantly fewer deaths or disabilities compared to those that didn't have this kind of teamwork in place."
CD000443,13,rephrase,Appropriately resourced ESD services with co-ordinated multidisciplinary team input provided for a selected group of stroke patients can reduce long-term dependency and admission to institutional care as well as reducing the length of hospital stay.,Appropriately resourced ESD services with co-ordinated multidisciplinary team input can reduce disability and the length of time in hospital at least for a selected group of people with stroke.,"Providing specialized care teams to help stroke patients recover at home, rather than in a hospital or nursing facility, can lead to better outcomes and shorter hospital stays."
CD000443,14,rephrase,Results are inconclusive for services without co-ordinated multidisciplinary team input.,Results are unclear for services that are not based on a co-ordinated multidisciplinary team input.,"When doctors from different specialties work together, it's clearer whether a treatment or service will be effective."
CD000443,15,rephrase,"We observed no adverse impact on the mood or subjective health status of patients or carers, nor on readmission to hospital.","We identified no apparent hazards in terms of patient mood or quality of life, carer mood or quality of life, or the risk of readmission to hospital.","""We found that patients and their caregivers did not experience any negative effects on their mental well-being or overall health, and they were also less likely to be readmitted to the hospital."""
CD005182,0,rephrase,72 RCTs met our inclusion criteria.,Seventy two randomised controlled trials met our inclusion criteria.,We found 72 studies that matched what we were looking for.
CD005182,1,rephrase,The methodological quality of included studies varied.,"The trials showed a wide variety of methodological quality, part of which may be attributed to poor reporting.","""The quality of the research used in these studies was different from each other."" (Note: I've preserved the original meaning, replaced technical terms with simpler alternatives, and removed unnecessary details to make it understandable for a general audience.)"
CD005182,2,rephrase,"An organized system of regular review allied to vigorous antihypertensive drug therapy was shown to reduce systolic blood pressure (weighted mean difference (WMD) -8.0 mmHg, 95% CI: -8.8 to -7.2 mmHg) and diastolic blood pressure (WMD -4.3 mmHg, 95% CI: -4.7 to -3.9 mmHg) for three strata of entry blood pressure, and all-cause mortality at five years follow-up (6.4% versus 7.8%, difference 1.4%) in a single large RCT- the Hypertension Detection and Follow-Up study.",An organized system of regular review allied to vigorous antihypertensive drug therapy was shown to reduce blood pressure and all-cause mortality in a single large RCT- the Hypertension Detection and Follow-Up study.,"A regular system of monitoring and treatment with strong blood pressure medicines was shown to lower high blood pressure and reduce deaths from any cause over five years, compared to not having such a system."
CD005182,3,ignore,Other interventions had variable effects.,Other interventions had variable effects.,The other treatments didn't have a consistent effect.
CD005182,4,rephrase,"Self-monitoring was associated with moderate net reduction in systolic blood pressure (WMD -2.5 mmHg, 95% CI: -3.7 to -1.3 mmHg) and diastolic blood pressure (WMD -1.8 mmHg, 95% CI: -2.4 to -1.2 mmHg).","Weighted data analysis showed that self-monitoring was associated with moderate net reductions in systolic blood pressure (weighted mean difference -2.5 mmHg, 95% CI: -3.7 to -1.3 mmHg) and diastolic blood pressure (weighted mean difference -1.8 mmHg, 95% CI: -2.4 to -1.2 mmHg).",Monitoring your own blood pressure at home was linked to a small but noticeable drop in both the top number (systolic) and bottom number (diastolic) of blood pressure readings.
CD005182,5,ignore,RCTs of educational interventions directed at patients or health professionals were heterogeneous but appeared unlikely to be associated with large net reductions in blood pressure by themselves.,Trials of educational interventions directed at patients or health professionals were heterogeneous but appeared unlikely to be associated with large net reductions in blood pressure by themselves.,Studies on teaching people about managing their blood pressure found that it's unlikely to make a big difference on its own.
CD005182,6,rephrase,"Nurse or pharmacist led care may be a promising way forward, with the majority of RCTs being associated with improved blood pressure control and mean SBP and DBP but these interventions require further evaluation.","Nurse or pharmacist led care may be a promising way of improving control in patients with hypertension, with the majority of RCTs being associated with improved blood pressure control, improved systolic blood pressure and more modestly improved diastolic blood pressure, but these interventions require further evaluation.","Having nurses or pharmacists help patients manage their blood pressure might be an effective approach, as many studies have shown it can lower blood pressure, but more research is needed to confirm this."
CD005182,7,rephrase,"Appointment reminder systems also require further evaluation due to heterogeneity and small trial numbers, but the majority of trials increased the proportion of individuals who attended for follow-up (odds ratio 0.41, 95% CI 0.32 to 0.51) and in two small trials also led to improved blood pressure control, odds ratio favouring intervention 0.54 (95% CI 0.41 to 0.73).","Appointment reminder systems increased the proportion of individuals who attended for follow-up (absolute difference 16%, but this pooled result should be treated with caution because of the heterogeneous results from individual RCTs) and in two small trials also led to improved blood pressure control, odds ratio favouring intervention 0.54 (95% CI 0.41 to 0.73).","Most studies found that appointment reminder systems helped people attend their follow-up appointments more often, with some studies also showing that these reminders can help lower blood pressure."
CD005182,9,rephrase,Antihypertensive drug therapy should be implemented by means of a vigorous stepped care approach when patients do not reach target blood pressure levels.,"We conclude that an organized system of registration, recall and regular review allied to a vigorous stepped care approach to antihypertensive drug treatment appears the most likely way to improve the control of high blood pressure.","When people don't get their blood pressure under control with medication, doctors should try different combinations and stronger doses to help them reach the goal."
CD001916,1,rephrase,"Five studies, involving 260 participants, provided data for analysis.","We included seven studies in the review, of which five, with 260 people, had data we could enter into the review.",Researchers looked at data from five separate studies with a total of 260 people.
CD001916,2,rephrase,"One study showed that cognitive behaviour therapy significantly reduced the affective component of pain (feelings about pain), mean difference -0.99 (95% confidence interval -1.62 to -0.36), but not the sensory component (pain intensity), mean difference 0.00 (95% confidence interval -9.39 to 9.39).","One study showed that cognitive behaviour therapy reduced the affective part of pain (feelings about pain), but not the sensory part (pain intensity).","Cognitive behaviour therapy helped people feel less emotional about their pain, but it didn't change how much they actually hurt."
CD001916,3,rephrase,One study of family psycho-education was not associated with a reduction in depression.,One education study did not show a reduction in depression.,A study on teaching families how to help their loved ones with mental health issues did not find that it reduces symptoms of depression.
CD001916,4,rephrase,"Another study evaluating cognitive behavioural therapy had inconclusive results for the assessment of coping strategies, and showed no difference between groups assessed on health service utilisation.",Another study of this therapy had inconclusive results for coping strategies and showed no difference on how different groups used the health service.,A recent study looked at whether a type of talk therapy called cognitive behavioral therapy helps people cope with problems. The study found that it didn't make a big difference in how often people used healthcare services.
CD001916,5,rephrase,"In addition, family home-based cognitive behavioural therapy did not show any difference compared to disease education.",A study using cognitive behavioural therapy with teenagers and their families at home did not show any difference when compared with education about sickle cell disease.,Family counseling at home didn't help people with their condition more than just learning about it.
CD001916,6,rephrase,"One study of patient education on health beliefs showed a significant improvement in attitudes towards health workers, mean difference -4.39 (95% CI -6.45 to -2.33) and medication, mean difference -1.74 (95% CI -2.98 to -0.50).","Furthermore, one study in patient education helped improve attitudes to healthcare workers and medication use in adolescents and young adults.",A study on teaching patients about healthy habits found that people became more positive towards their healthcare providers and were more likely to take their medicine as prescribed.
CD001916,7,rephrase,"Nonetheless, these results may not apply across all ages, severity of sickle cell disease, types of pain (acute or chronic), or setting.","Nonetheless, these results may not apply to across all ages, clinical severity, types of pain (acute or chronic) that people with sickle cell disease have, or which country they live in.","These findings might not be true for everyone with sickle cell disease, regardless of their age, how severe their condition is, what kind of pain they're experiencing, or where they are."
CD008243,0,rephrase,Two studies (67 participants) were included in the review.,We have found two trials comparing these devices and including 67 participants in total.,The researchers looked at two separate studies involving a total of 67 people.
CD008243,4,rephrase,"A further study of 47 participants found no difference in lifespan, or participant preference when comparing two different long intravenous lines (the Hydrocath and Vygon EC).",The study comparing two different types of long intravenous line did not show that one type was clearly better than another.,"Researchers studied 47 people who used either a Hydrocath or Vygon EC IV line for a long time. They found that these lines did not affect how long the participants lived, nor did they prefer one type of line over the other."
CD008243,5,split,Neither study was powered to detect differences in serious complications of the devices.,"Neither study was large enough to show differences in complications for the different devices. Neither study reported on important outcomes, such as the number of attempts required to insert the device.",Neither study was designed to see if there were any major problems with these medical devices.
CD008243,6,rephrase,"There is some evidence to support the use of long intravenous lines rather than short intravenous lines, in terms of lifespan of the line and patient satisfaction.",Patient satisfaction was higher with long intravenous lines compared to short intravenous lines.,Using longer IV tubes instead of shorter ones may be better for patients because they last longer and make patients happier with their treatment.
CD008243,9,rephrase,Further research is required to identify clinically important differences between these devices.,We recommend further research to compare different types of percutaneous long intravenous line.,More studies are needed to figure out which of these medical devices work best for patients.
CD005205,0,rephrase,We included 11 studies with a total of 596 participants.,We included 11 randomised controlled trials (596 participants) when it was clear that the children or adults taking part had atopic eczema.,We looked at data from 11 different research projects involving a total of 596 people.
CD005205,4,rephrase,A convincingly positive result from a much larger study with a publicly-registered protocol is needed before clinical practice can be influenced.,That is why larger trials are needed before any recommendations can be made.,"More evidence from a bigger, transparent study is needed to change how doctors treat patients."
CD005205,5,rephrase,"There is no convincing evidence of the benefit of dietary supplements in eczema, and they cannot be recommended for the public or for clinical practice at present.","Overall, we found no convincing evidence that taking supplements improved the eczema of those involved.","Currently, there's no proof that taking dietary supplements helps with eczema, so we can't recommend them to the general public or doctors."
CD005205,6,split,"Whilst some may argue that at least supplements do not do any harm, high doses of vitamin D may give rise to serious medical problems, and the cost of long-term supplements may also mount up.","People sometimes think that supplements can at least do no harm; however, high doses of vitamin D, for example, can cause serious medical problems, and the safety of dietary supplements should not be assumed. The cost of supplements can also mount up.","While some people think taking vitamin D supplements is harmless, high amounts can cause serious health issues, and they can be expensive over time."
CD007881,1,rephrase,"Overall, there was an absence of credible evidence and the majority of studies were of low methodological quality and at high risk of bias.","Overall, the research was of poor quality with significant methodological problems, hence no credible evidence was available in the literature to guide practice.",Most of the research on this topic wasn't very reliable and had some major flaws in how it was done.
CD007881,2,rephrase,"Brachytherapy in a variety of doses seemed to improve cough in selected participants, suggesting that possibly the lowest effective dose should be used to minimise side effects.","Acknowledging these limitations, brachytherapy in a variety of radiation doses was found to be helpful in selected patients.","Giving patients small amounts of radiation therapy appeared to help some people with a persistent cough, and it might be best to use the smallest amount needed to reduce unwanted side effects."
CD007881,4,rephrase,"Some indication of positive effect was observed with morphine, codeine, dihydrocodeine, levodropropizine, sodium cromoglycate and butamirate citrate linctus (cough syrup), although all studies had significant risk of bias.","Some pharmacological treatments were found to be helpful, in particular morphine, codeine, dihydrocodeine, levodropropizine, sodium cromoglycate and butamirate citrate linctus (a cough syrup), although all studies had significant risk of bias and some reported side effects.","Researchers found some evidence that certain cough medicines, including morphine and codeine, might be helpful in treating a condition, but the quality of the studies was questionable."
CD007881,5,ignore,"For this update, we did not identify any additional trials for inclusion.","For this update, we did not identify any additional studies for inclusion.",We didn't find any new studies to include in our review.
CD007881,9,split,No practice recommendations could be drawn from this review.,"Hence, the aim of this review was to assess and synthesise the available literature on the management of cough in cancer patients in order to improve practice recommendations. No practice recommendations could be drawn from this review.",This study didn't provide enough evidence to suggest any changes in medical practices.
CD007881,10,ignore,There is an urgent need to increase the number and quality of studies evaluating the effects of interventions for the management of cough in cancer.,There is an urgent need to increase the number and quality of studies evaluating the effects of interventions for the management of cough in cancer.,Researchers should conduct more thorough studies on how to effectively treat a persistent cough that can be a side effect of cancer treatment.
CD011390,0,split,We found no randomised controlled trials on this topic.,"Randomised controlled trials are the best types of studies to find out whether one treatment is better than another since it ensures that similar types of people receive the new and the old treatment. But we did not find randomised controlled trials; we identified six relevant non-randomised studies with a total of 334 patients, which compared laparoscopic and open surgeries.",There aren't any studies where participants were randomly assigned to different groups to test this idea.
CD011390,1,rephrase,We included six non-randomised studies (five retrospective) that compared laparoscopic versus open transhiatal oesophagectomy (334 patients: laparoscopic = 154 patients; open = 180 patients); five studies (326 patients: laparoscopic = 151 patients; open = 175 patients) provided information for one or more outcomes.,"Since one of the studies did not provide usable results, five studies, with 326 patients, provided information for this review; laparoscopic surgery = 151 patients and open surgery = 175 patients.","We looked at six studies that compared two different surgical methods to remove the oesophagus, using a minimally invasive approach versus an older method."
CD011390,3,rephrase,All the studies were at unclear or high risk of bias; the overall quality of evidence was very low for all the outcomes.,The quality of the evidence was very low.,"Most of the research had problems with how it was done, and the results weren't trustworthy."
CD011390,4,rephrase,The differences between laparoscopic and open transhiatal oesophagectomy were imprecise for short-term mortality (laparoscopic = 0/151 (adjusted proportion based on meta-analysis estimate: 0.5%) versus open = 2/175 (1.1%); RR 0.44; 95% CI 0.05 to 4.09; participants = 326; studies = 5; I² = 0%); long-term mortality (HR 0.97; 95% CI 0.81 to 1.16; participants = 193; studies = 2; I² = 0%); anastomotic stenosis (laparoscopic = 4/36 (11.1%) versus open = 3/37 (8.1%); RR 1.37; 95% CI 0.33 to 5.70; participants = 73; studies = 1); short-term recurrence (laparoscopic = 1/16 (6.3%) versus open = 0/4 (0%); RR 0.88; 95% CI 0.04 to 18.47; participants = 20; studies = 1); long-term recurrence (HR 1.00; 95% CI 0.84 to 1.18; participants = 173; studies = 2); proportion of people who required blood transfusion (laparoscopic = 0/36 (0%) versus open = 6/37 (16.2%); RR 0.08; 95% CI 0.00 to 1.35; participants = 73; studies = 1); proportion of people with positive resection margins (laparoscopic = 15/102 (15.8%) versus open = 27/111 (24.3%); RR 0.65; 95% CI 0.37 to 1.12; participants = 213; studies = 3; I² = 0%); and the number of lymph nodes harvested during surgery (median difference between the groups varied from 12 less to 3 more lymph nodes in the laparoscopic compared to the open group; participants = 326; studies = 5).,"The differences between laparoscopic and open transhiatal oesophagectomy were imprecise for: deaths during the short-term and long-term, the percentage of people with major complications, narrowing of the new junction between the gut, created after removing the oesophagus, cancer returning during the short-term and long-term, and the proportion of people who required blood transfusion.","Here is a simplified version of the original sentence: Comparing two types of oesophagectomy surgery, researchers found that patients who underwent laparoscopic surgery had similar short-term and long-term survival rates as those who had open surgery. However, they did have some differences in complications such as bleeding (laparoscopic patients were less likely to need a blood transfusion) and surgical site problems (such as narrowing of the connection between the oesophagus and stomach)."
CD011390,6,rephrase,There was lack of clarity as to whether the median difference in the quantity of blood transfused was statistically significant favouring laparoscopic oesophagectomy in the only study that reported this information.,There was lack of clarity about the difference in the amount of blood transfused between the two groups.,"It's unclear if patients who had a laparoscopic surgery to remove part of their esophagus received more or less blood than those who had traditional surgery, based on data from just one study."
CD011390,7,rephrase,"None of the studies reported post-operative dysphagia, health-related quality of life, time-to-return to normal activity (return to pre-operative mobility without caregiver support), or time-to-return to work.","None of the studies reported difficulty in swallowing after surgery, health-related quality of life, the amount of time it took to return to normal activity (same mobility as before surgery), or work.","None of the studies mentioned problems swallowing after surgery, how well patients felt physically and mentally afterwards, or when they were able to do everyday activities on their own again."
CD011390,12,rephrase,Randomised controlled trials comparing laparoscopic transhiatal oesophagectomy with other methods of oesophagectomy are required to determine the optimal method of oesophagectomy.,Well-designed randomised controlled trials are necessary to obtain high-quality evidence on the best method to perform oesophagectomy.,"To figure out which surgery is best for removing part of the esophagus, more studies need to be done that compare a new surgical technique called laparoscopic transhiatal oesophagectomy with other methods."
CD012540,4,rephrase,"Four RCTs (215 participants) compared discontinuation to continuation of azathioprine monotherapy, while two studies (125 participants) compared discontinuation of azathioprine from a combination regimen to continuation of combination therapy.",Four of the six studies assigned patients who had been receiving azathioprine alone to either continue or discontinue therapy (215 participants).,Researchers studied what happens when people stop taking the medication azathioprine alone or as part of a treatment plan with other medicines.
CD012540,8,rephrase,"Common adverse events included infections, mild leukopenia, abdominal symptoms, arthralgias, headache and elevated liver enzymes.","Common side effects included infections, mild decrease in the number of white blood cells, abdominal symptoms, joint pain, headache and elevated liver enzymes.","The most common side effects were infections, low white blood cell count, stomach problems, joint pain, headaches, and liver damage."
CD012540,9,split,No differences between azathioprine withdrawal from combination therapy versus continuation of combination therapy were observed for clinical relapse.,"No differences were observed for Crohn's disease-related complications, side effects, serious side effects and withdrawal due to side effects. No differences in side effects, serious side effects or withdrawal due to side effects were observed.","When patients with a certain condition stopped taking azathioprine, which was being used along with other treatments, they did not experience any more relapses than those who continued to take it."
CD012540,10,rephrase,"Among patients who continued combination therapy with azathioprine and infliximab, 48% (27/56) had a clinical relapse compared to 49% (27/55) of patients discontinued azathioprine but remained on infliximab (RR 1.02, 95% CI 0.68 to 1.52, P = 0.32; GRADE low quality evidence).","Among patients who continued combination therapy with azathioprine and infliximab, 48% (27/56) had a clinical relapse compared to 49% (27/55) of patients discontinued azathioprine but remained on infliximab.",Patients who kept taking both azathioprine and infliximab were just as likely to have a relapse as those who stopped taking azathioprine but continued with infliximab.
CD012540,12,rephrase,"Common adverse events in the combination therapy studies included infections, liver test elevations, arthralgias and infusion reactions.","Common side effects reported in the combination therapy studies included infections, liver test elevations, joint pain and infusion reactions (a hypersensitivity reaction to the biologic medication).","The most common problems people experienced with this treatment were infections, liver problems, joint pain, and allergic reactions to the medication."
CD012540,13,rephrase,The effects of withdrawal of immunosuppressant therapy in people with quiescent Crohn's disease are uncertain.,The effects of withdrawal of immunosuppressant therapy in people with Crohn's disease in remission are uncertain.,"When people with a certain type of inflammatory bowel disease (Crohn's) stop taking their medication, it's not clear what will happen."
CD012540,14,split,"Low quality evidence suggests that continuing azathioprine monotherapy may be superior to withdrawal for avoiding clinical relapse, while very low quality evidence suggests that there may be no difference in clinical relapse rates between discontinuing azathioprine from a combination therapy regimen, compared to continuing combination therapy.",Low quality evidence suggests that continuing azathioprine monotherapy may be superior to withdrawal of azathioprine for avoiding clinical relapse in people with Crohn's disease in remission. Low quality evidence suggests that stopping the immunosuppressive after combination therapy does not seem to impact on the risk of relapsing.,"Research shows that people who keep taking the medication azathioprine alone are less likely to have their condition come back than those who stop it. However, when people are already taking other medications with azathioprine, stopping all of them might not make a big difference in whether or not they experience a relapse."
CD012540,15,rephrase,"It is unclear whether withdrawal of azathioprine, initially administered alone or in combination, impacts on the development of CD-related complications, adverse events, serious adverse events or withdrawal due to adverse events.","It is unclear whether the withdrawal of azathioprine, initially administered alone or in combination, impacts on the development of Crohn's disease-related complications, side effects, serious side effects, or withdrawal from the studies due to side effects.","""It's not clear if stopping a medication called azathioprine, which was given either by itself or with other treatments, affects how often people develop problems related to Crohn's disease, have side effects, or stop taking the medication because of those side effects."""
CD012540,16,rephrase,"Further high-quality research is needed in this area, particularly double-blind RCTs in which biologic therapy or an immunosuppressant other than azathioprine is withdrawn.","Additional research is needed in this area to better inform clinical practice, particularly high-quality randomized controlled trials examining outcomes when biologic therapy is withdrawn.",More studies are needed to understand the effects of stopping certain medications on patients who have been taking them for a long time.
CD003483,0,rephrase,"We included nine trials, with 316 participants in total, that compared the effects of naloxone versus placebo or no drug in newborn infants exposed to maternal opioid analgesia prior to delivery.","We found nine completed trials that compared giving to newborn babies, whose mothers had received opioids during labour, either naloxone or a placebo ('dummy drug').",Researchers looked at nine studies involving a total of 316 babies who were born to mothers taking pain medication during pregnancy and compared how these babies reacted when given a medicine called naloxone against getting nothing or a dummy treatment.
CD003483,1,rephrase,None of the included trials investigated infants born to mothers who had used a prescribed or non-prescribed opioid during pregnancy.,We did not find any trials including babies born to mothers who had used opioids (whether prescribed or non-prescribed) during pregnancy.,"No studies looked at babies whose mothers took opioids while they were pregnant, whether it was by prescription or not."
CD003483,2,rephrase,None of these trials specifically recruited infants with cardiorespiratory or neurological depression.,None of the trials assessed long-term development.,These studies did not focus on babies who were having trouble breathing or had problems with their brain and nervous system.
CD003483,5,rephrase,The trials did not assess the effect on the primary outcomes of this review (admission to a neonatal unit and failure to establish breastfeeding).,"The trials reported the effects of naloxone on the baby's breathing but did not assess the effect on the need for babies to be cared for in a neonatal unit (separated from their mother), whether they needed help with breathing, or on breastfeeding success.","The studies didn't look at how well they helped with two main problems: babies needing hospital care right after birth, and mothers being unable to breastfeed."
CD003483,6,rephrase,The existing evidence from randomised controlled trials is insufficient to determine whether naloxone confers any important benefits to newborn infants with cardiorespiratory or neurological depression that may be due to intrauterine exposure to opioid.,The available evidence was not sufficient to determine whether giving naloxone to babies whose mothers received opioids during birth was helpful or harmful.,Current studies haven't shown that naloxone helps newborns who are struggling because their mothers took opioids during pregnancy.
CD010108,2,rephrase,"Compared with general anaesthesia, neuraxial blockade reduced the zero to 30-day mortality (risk ratio [RR] 0.71, 95% confidence interval [CI] 0.53 to 0.94; I2 = 0%) based on 20 studies that included 3006 participants.","When epidurals or spinals were used to replace general anaesthesia, the risk of dying during the surgery or within the following 30 days was reduced by approximately 29% (from 20 studies with 3006 participants).","Compared with general anesthesia, using a blockage around the spinal cord reduced the risk of dying within 30 days by about 29%."
CD010108,3,rephrase,"Neuraxial blockade also decreased the risk of pneumonia (RR 0.45, 95% CI 0.26 to 0.79; I2 = 0%) based on five studies that included 400 participants.","Also, the risk of developing pneumonia (chest infection) was reduced by 55% (from five studies with 400 participants).","Using a special type of anesthesia for surgery in the lower back area also reduced the risk of getting pneumonia by half, according to five studies involving 400 people."
CD010108,4,rephrase,"No difference was detected in the risk of myocardial infarction between the two techniques (RR 1.17, 95% CI 0.57 to 2.37; I2 = 0%) based on six studies with 849 participants.","However, the risk of developing a myocardial infarction (heart attack) was the same for both anaesthetic techniques (from six studies with 849 participants).",Two methods were tested to see if they increased the risk of heart attacks. Six studies involving almost 850 people found no difference in how often heart attacks happened between these two methods.
CD010108,5,rephrase,"Compared with general anaesthesia alone, the addition of a neuraxial block to general anaesthesia did not affect the zero to 30-day mortality (RR 1.07, 95% CI 0.76 to 1.51; I2 = 0%) based on 18 studies with 3228 participants.","When epidurals (and less frequently spinals) were used to reduce the quantity of other drugs required while general anaesthesia was used, the risk of dying during the surgery or within 30 days was the same for both anaesthetic techniques (from 18 studies with 3228 participants).","Adding a special type of pain relief called a neuraxial block to general anesthesia did not change the number of deaths within the first month after surgery, according to a review of 18 studies involving over 3,200 patients."
CD010108,6,rephrase,"No difference was detected in the risk of myocardial infarction between combined neuraxial blockade-general anaesthesia and general anaesthesia alone (RR 0.69, 95% CI 0.44 to 1.09; I2 = 0%) based on eight studies that included 1580 participants.","Also, a difference was not detected for the risk of developing myocardial infarction (from eight studies with 1580 participants).","There was no difference found in the risk of heart attacks between two types of anesthesia: one that combines nerve blocks with general anesthesia, and another that uses only general anesthesia."
CD010108,7,rephrase,"The addition of a neuraxial block to general anaesthesia reduced the risk of pneumonia (RR 0.69, 95% CI 0.49 to 0.98; I2 = 9%) after adjustment for publication bias and based on nine studies that included 2433 participants.",The risk of developing pneumonia was reduced by approximately 30% when a correction was made for possible missing studies (from nine studies with 2433 participants).,"Adding a special kind of pain relief to general anesthesia can lower the chance of getting pneumonia by about 31% compared to using general anesthesia alone, according to research involving nearly 2,400 people."
CD010108,8,rephrase,The quality of the evidence was judged as moderate for all six comparisons.,The quality of the evidence for all six comparisons was rated as moderate because of some imperfections in how the studies were carried out.,The research found that the available data were reliable enough to make informed decisions about these six different treatments.
CD010108,9,rephrase,"No serious adverse events (seizure or cardiac arrest related to local anaesthetic toxicity, prolonged central or peripheral neurological injury lasting longer than one month or infection secondary to neuraxial blockade) were reported.","No serious side effects (seizures, cardiac arrest, nerve damage lasting longer than one month or infection) were reported from the use of epidurals or spinals in these studies.",There were no major complications from the medication used in the procedure.
CD010108,12,rephrase,Further research is required.,Therefore further research is likely to have an important impact on our confidence in these results and may even change the results.,More study is needed.
CD006663,0,rephrase,Nine trials comparing either agalsidase alfa or beta in 351 participants fulfilled the selection criteria.,Nine studies enrolled 351 participants.,"Researchers looked at nine studies involving 351 people who received either a treatment called agalsidase alfa or another version of it, known as agalsidase beta."
CD006663,4,rephrase,Death was not an outcome in either of the trials.,Death was not an outcome in either study.,Neither of the studies found any deaths as a result.
CD006663,5,rephrase,"One of the three trials comparing agalsidase beta to placebo reported on globotriaosylceramide concentration in plasma and tissue and showed significant improvement: kidney, mean difference -1.70 (95% confidence interval -2.09 to -1.31); heart, mean difference -0.90 (95% confidence interval -1.18 to -0.62); and composite results (renal, cardiac, and cerebrovascular complications and death), mean difference -4.80 (95% confidence interval -5.45 to -4.15).","One of the three studies comparing agalsidase beta to placebo reported on globotriaosylceramide and showed improvement in kidney, heart and composite results.","One of the three studies comparing a new treatment called agalsidase beta to a dummy treatment found that it significantly reduced a harmful substance called globotriaosylceramide in the blood and tissues, which is associated with complications such as kidney damage, heart problems, and stroke."
CD006663,6,rephrase,There was no significant difference between groups for death; no trials reported on pain.,There was no significant difference for death and no studies reported on pain.,"The study found that there was no difference in how often people died, and none of the studies looked at how much pain patients experienced."
CD006663,7,ignore,Only two trials compared agalsidase alfa to agalsidase beta.,Only two studies compared agalsidase alfa to agalsidase beta.,Only two studies directly compared these two similar treatments.
CD006663,8,rephrase,"One of them showed no significant difference between the groups regarding adverse events, risk ratio 0.36 (95% confidence interval 0.08 to 1.59), or any serious adverse events; risk ratio 0.30; (95% confidence interval 0.03 to 2.57).","One of them showed no significant difference for any adverse events such as dyspnoea, hypertension and gastrointestinal symptoms - these are not adverse events as gastrointestinal problems are actually a symptom, as may be hypertension in the context of renal disease.","One of the groups had no more problems than the others, and they didn't have a higher chance of serious complications."
CD006663,9,ignore,Two trials compared different dosing schedules of agalsidase alfa.,Two studies compared different dosing schedules of agalsidase alfa.,Researchers tested how often to give a medicine called agalsidase alfa.
CD006663,12,rephrase,"No significant differences were found among the schedules for the primary efficacy outcome of self-assessed health state, or for pain scores.",No differences were found among the schedules for self-assessed health state or for pain scores.,There was no difference in how well people felt and how much they hurt when comparing different treatment plans.
CD006663,15,rephrase,Trials comparing enzyme replacement therapy to placebo show significant improvement with enzyme replacement therapy in regard to microvascular endothelial deposits of globotriaosylceramide and in pain-related quality of life.,"In summary, studies comparing enzyme replacement therapy to placebo show significant results in regard to microvascular endothelial deposits of globotriaosylceramide and in pain-related quality of life.",Studies have found that a treatment called enzyme replacement therapy is effective in reducing the buildup of a certain substance in blood vessels and improving symptoms such as pain for people with this condition.
CD006663,16,rephrase,"There is, however, no evidence identifying if the alfa or beta form is superior or the optimal dose or frequency of enzyme replacement therapy.","There is, however, no evidence identifying if the alfa or beta form is superior, though included trials were small in sample size.",We don't know which type of treatment (alfa or beta) works best or how often and in what amount patients should receive it.
CD006663,17,ignore,"With regards to safety, adverse events (i.e., rigors, fever) were more significant in the agalsidase beta as compared to placebo.","With regards to safety, adverse events (i.e., rigors, fever) were more significant with agalsidase beta as compared to placebo.",People who took agalsidase beta had more side effects like chills and fever than those who took a dummy treatment.
CD000396,1,rephrase,Twenty-eight trials (42%) were considered high quality.,Only 42% of the studies were considered to be of high quality.,"Out of 67 trials, 28 were considered to be well-designed and reliable."
CD000396,2,rephrase,"Statistically significant effects were found in favour of NSAIDs compared to placebo, but at the cost of statistically significant more side effects.","In patients with acute sciatica, no difference in effect between NSAIDs and placebo was found.","Taking pain-relieving medication (NSAIDs) helped more than a dummy treatment, but it also caused more unwanted side effects."
CD000396,3,split,"There is moderate evidence that NSAIDs are not more effective than paracetamol for acute low-back pain, but paracetamol had fewer side effects.","The review authors also found that NSAIDs are not more effective than other drugs (paracetamol/acetaminophen, narcotic analgesics, and muscle relaxants). Placebo and paracetamol/acetaminophen had fewer side effects than NSAIDs, though the latter has fewer side effects than muscle relaxants and narcotic analgesics.","Research shows that common pain relievers like ibuprofen (NSAIDs) don't work much better than acetaminophen (paracetamol) for short-term back pain, and acetaminophen tends to cause fewer side effects."
CD000396,4,rephrase,There is moderate evidence that NSAIDs are not more effective than other drugs for acute low-back pain.,Non-steroidal anti-inflammatory drugs (NSAIDs) are the most frequently prescribed medications worldwide and are commonly used for treating low-back pain.,"Common pain relievers, such as ibuprofen or aspirin, don't work any better than other medicines for short-term back pain."
CD000396,7,split,The evidence from the 65 trials included in this review suggests that NSAIDs are effective for short-term symptomatic relief in patients with acute and chronic low-back pain without sciatica.,"This review found 65 studies (including over 11,000 patients) of mixed methodological quality that compared various NSAIDs with placebo (an inactive substance that has no treatment value), other drugs, other therapies and with other NSAIDs. The review authors conclude that NSAIDs are slightly effective for short-term symptomatic relief in patients with acute and chronic low-back pain without sciatica (pain and tingling radiating down the leg).","Studies of over 60 groups of people found that common pain relievers, such as ibuprofen or aspirin, can help relieve short-term back pain, whether it's a new or long-standing problem."
CD000396,11,rephrase,"However, recent studies have shown that COX-2 inhibitors are associated with increased cardiovascular risks in specific patient populations.","However, other literature has shown that some COX-2 NSAIDs are associated with increased cardiovascular risk.",Recent research has found that certain medications called COX-2 inhibitors can increase the risk of heart problems for some patients.
CD006194,0,rephrase,"Fifteen heterogeneous trials, involving 1022 adults with dorsally displaced and potentially or evidently unstable distal radial fractures, were included.","Fifteen trials, involving 1022 adults with potentially or evidently unstable fractures, were included.","""Fifteen studies looked at 1,022 adults who had broken their wrist in a way that made it hard to move properly."""
CD006194,1,rephrase,"While all trials compared external fixation versus plaster cast immobilisation, there was considerable variation especially in terms of patient characteristics and interventions.","While all trials compared external fixation versus plaster cast immobilisation, there was considerable variation in their characteristics especially in terms of patient characteristics and the method of external fixation.","All studies compared two different ways to keep a broken bone still - using an external frame or a plaster cast. However, the patients and treatments used in these studies were quite different from one another."
CD006194,5,rephrase,"External fixation was associated with a high number of complications, such as pin-track infection, but many of these were minor.","The complications, such a pin tract infection, associated with external fixation were many but were generally minor.","Using external metal rods to stabilize broken bones can lead to some problems, like infections around the pins, but most of them are not serious."
CD006194,7,rephrase,"There was insufficient evidence to establish a difference between the two groups in serious complications such as reflex sympathetic dystropy: 25/384 versus 17/347 (data from 11 trials); relative risk 1.31, 95% confidence interval 0.74 to 2.32.",Serious complications occurred in both groups.,"There wasn't enough evidence to show that one group had more serious complications than the other, such as a rare condition called reflex sympathetic dystrophy, with about 25 cases out of nearly 400 in one group and about 17 cases out of nearly 350 in the other."
CD006194,8,rephrase,There is some evidence to support the use of external fixation for dorsally displaced fractures of the distal radius in adults.,The review concludes that there is some evidence to support the use of external fixation for these fractures.,"Broken wrists can sometimes be treated with a special device outside the skin, which helps hold the bone fragments together while they heal."
CD006194,9,rephrase,"Though there is insufficient evidence to confirm a better functional outcome, external fixation reduces redisplacement, gives improved anatomical results and most of the excess surgically-related complications are minor.",The review found that external fixation reduced fracture redisplacement that prompted further treatment and generally improved final anatomical outcome.,"While we can't say for sure if it's more effective in the long run, using an external fixator after surgery helps prevent bones from shifting out of place and usually leads to better alignment. Most problems that arise as a result of the surgery itself are relatively minor."
MR000065,0,rephrase,We included 34 studies in our review.,We included 34 studies that looked at people's views and experiences of being invited to take part in a vaccine trial in the context of a pandemic or epidemic.,We looked at 34 different research projects in our study.
MR000065,1,ignore,Most studies related to HIV vaccine trials.,Most of the studies related to HIV vaccine trials.,Many research projects have been conducted on vaccines designed to prevent HIV infection.
MR000065,2,ignore,"The other studies related to Ebola virus, tuberculosis, Zika virus and COVID-19.","The other studies related to Ebola virus, tuberculosis, Zika virus and COVID-19.","Other research has focused on diseases like Ebola, tuberculosis, Zika, and COVID-19."
MR000065,3,rephrase,"We developed 20 key findings, under three broad themes (with seven subthemes), that described the factors that people consider when deciding whether to take part in a vaccine trial for a pandemic or epidemic disease.",We identified several factors that people consider when deciding whether to take part in a vaccine trial during a pandemic or epidemic.,We identified 20 important points about what influences people's decisions on joining a vaccine study during a major outbreak.
MR000065,4,split,"Our GRADE-CERQual confidence was high in nine of the key findings, moderate in 10 key findings and low in one key finding.","We judged our confidence in these findings to be low, moderate or high depending on how well supported that finding was from the included studies. We had moderate to high confidence in most of the findings.","We were very confident about nine important discoveries, somewhat confident about ten others, but not very sure about just one."
MR000065,5,split,The main reason for downgrading review findings were concerns regarding the relevance and adequacy of the underlying data.,"This raised concerns about the relevance of the data to other diseases. In addition, we had concerns about the quality of the data for some findings.",The main reason for changing our opinion was that we had doubts about the quality and usefulness of the information used.
MR000065,9,rephrase,Some factors were considered to be under the control of the trial team.,Some of the factors that influenced people's decisions were under the control of the team setting up the trial.,The researchers decided what could and couldn't be changed during the study.
MR000065,12,rephrase,"Other factors influencing people's decision to take part could be personal, from family, friends or wider society.","Other factors included personal concerns, and the influence of family and friends and wider society.","Here is a rewritten version of the sentence for a general audience: ""Other things that might influence someone's decision to participate could come from their own life, their loved ones, or even what others in their community think."""
MR000065,13,rephrase,"From a personal perceptive, people had concerns about vaccine side effects, vaccine efficacy and possible impact on their daily lives (carer responsibilities, work, etc.).","From a personal point of view, people had concerns about vaccine side effects, how well the vaccine works, and how taking part in the trial might impact on their daily lives and responsibilities.","People were worried about getting vaccinated because they were concerned about potential side effects, whether the vaccine would actually work for them, and how it might affect their daily routines, such as taking care of family members or going to work."
MR000065,14,rephrase,"People were also influenced by their families, and the impact participation may have on relationships.",People were also influenced by their families and whether taking part might affect their relationships with others.,"Family members can affect people's decisions to participate, which might strain their relationships."
MR000065,15,rephrase,The fear of stigma from society influenced the decision to take part.,Some people feared stigma from their communities if they took part.,People's concern about being judged or rejected by others made them less likely to participate.
MR000065,16,rephrase,"Also, from a societal perspective, the level of trust in governments' involvement in research and trial may influence a person's decision.",People's level of trust in the government's involvement in research and trials could also influence their decisions.,People's willingness to participate in medical studies might depend on how much they trust their government is involved.
MR000065,17,rephrase,"Finally, the perceived rewards, both personal and societal, were influencing factors on the decision to participate.",Some of these rewards were personal.,People's decisions to participate were influenced by what they thought they would gain personally and how it would benefit society.
MR000065,18,rephrase,"Personal rewards included access to a vaccine, improved health and improved disease knowledge, and a return to normality in the context of a pandemic or epidemic.","People wanted to get faster access to a vaccine, improve their health, improve their understanding of the disease and return to normal life during a pandemic or epidemic.","Getting vaccinated, staying healthy, and understanding how to prevent illnesses were some benefits people received for participating."
MR000065,19,rephrase,"Potential societal rewards included helping the community and contributing to science, often motivated by the memories of family and friends who had died from the disease.",But people were also motivated by wanting to help society and contribute to science.,People are motivated to help others and contribute to finding a cure because they want to honor loved ones who have passed away due to this illness.
CD012462,0,rephrase,We located two studies (291 participants) for inclusion in this review.,"We included two studies with 291 participants, all adults undergoing cardiac surgery.","We found two research studies to include in this report, which involved a total of 291 people."
CD012462,3,rephrase,"The trials reported limited outcome data on SSI, adverse events and secondary outcomes (e.g. S aureus SSI, mortality).",S aureus SSI was reported in only one trial and the results do not allow us to be certain about differences in infection rates.,"Here's a rewritten version of the sentence for a general audience: ""The studies only provided some information about complications that occurred during or after surgery, such as infections caused by Staphylococcus bacteria."""
CD012462,6,rephrase,There is currently limited rigorous RCT evidence available regarding the clinical effectiveness of nasal decontamination in the prevention of SSI.,It is unclear whether nasal decontamination makes a difference to the rate of SSI in people carrying S aureus bacteria.,"Currently, there's not enough reliable research to show whether cleaning your nose can prevent infections that occur after surgery."
CD012462,8,rephrase,We were only able to identify two studies that met the inclusion criteria for this review and one of these was very small and poorly reported.,The two studies we found did not have many participants and the results were inconclusive.,"Only two studies matched our requirements, but one of them was tiny and not well done."
CD012462,9,rephrase,The potential benefits and harms of using decontamination for the prevention of SSI in this group of people remain uncertain.,Evidence of the potential benefits and harms of using nasal decontamination for the prevention of SSI is currently of low to very low certainty.,The good and bad effects of cleaning wounds to prevent infections are still unclear for this particular group.
CD008585,0,rephrase,Five trials involving 187 women with an age range of 15 to 40 years were included.,Five studies involving 187 females with an age range of 15 to 40 years were included in this review.,The researchers looked at data from five studies that involved a total of 187 women between the ages of 15 and 40.
CD008585,1,rephrase,"Oral isoxsuprine was compared with placebo in two trials; terbutaline oral spray, ritodrine chloride and oral hydroxyphenyl-orciprenalin were compared with placebo in a further three trials.","Oral isoxsuprine was examined in two studies; terbutaline oral spray, ritodrine chloride and oral hydroxyphenyl-orciprenalin were compared with placebo in a further three studies.","Two studies tested the effect of taking oral isoxsuprine against a dummy treatment. Three other studies looked at how well different medications - terbutaline, ritodrine, and hydroxyphenyl-orciprenalin - worked compared to a dummy treatment when sprayed into the mouth."
CD008585,5,rephrase,Adverse effects were reported with all of these medications in up to a quarter of the total number of participants.,"None of these medications, other than isoxsuprine combined with acetaminophen and caffeine, were reported to have any beneficial effect.",Many people who took these medicines experienced side effects.
CD008585,6,rephrase,"They included nausea, vomiting, dizziness, quivering, tremor and palpitations.","Side effects with these medications were reported in up to a quarter of the participants and included nausea, vomiting, dizziness, quivering, tremor and palpitations.","They experienced symptoms such as feeling sick to their stomach, throwing up, lightheadedness, shaking, and a racing heartbeat."
CD008585,7,rephrase,"The evidence presented in this review was based on a few relatively small-sized studies that were categorised to have unclear to high risk of bias, which does not allow confident decision-making at present about the use of beta2-adrenoceptor agonists for dysmenorrhoea.",At present there is insufficient evidence to allow confident decision-making about the use of beta2-adrenoceptor agonists for dysmenorrhoea.,"The research reviewed here is based on a limited number of small studies with uncertain reliability, making it difficult to make an informed decision about using a certain type of medication for menstrual cramps."
CD012332,0,rephrase,"Our searches identified six randomised, double-blind studies involving 292 participants in suitably characterised fibromyalgia.","Six studies satisfied the inclusion criteria, randomising 292 participants to treatment with NSAID or placebo.",We found six studies where researchers tested treatments on people with a condition called fibromyalgia.
CD012332,3,ignore,"NSAIDs tested were etoricoxib 90 mg daily, ibuprofen 2400 mg daily, naproxen 1000 mg daily, and tenoxicam 20 mg daily; 146 participants received NSAID and 146 placebo.","NSAIDs tested were etoricoxib 90 mg daily, ibuprofen 2400 mg daily, naproxen 1000 mg daily, and tenoxicam 20 mg daily; 146 participants received NSAID and 146 placebo.","Four different pain-relieving medications - etoricoxib, ibuprofen, naproxen, and tenoxicam - were tested on a group of 292 people, with half receiving the medication and the other half receiving a dummy pill."
CD012332,4,rephrase,The duration of treatment in the double-blind phase varied between three and eight weeks.,Study duration was between three and eight weeks.,"The length of treatment in the secret study lasted from 3 to 8 weeks. Note: I replaced ""double-blind phase"" with ""secret study"", as it's a simpler way to convey that the participants didn't know whether they were receiving the actual treatment or a placebo."
CD012332,5,ignore,Not all studies reported all the outcomes of interest.,Not all studies reported the outcomes of interest.,Some research didn't report everything they were looking at.
CD012332,6,rephrase,"Analyses consistently showed no significant difference between NSAID and placebo: substantial benefit (at least 50% pain intensity reduction) (risk difference (RD) -0.07 (95% confidence interval (CI) -0.18 to 0.04) 2 studies, 146 participants; moderate benefit (at least 30% pain intensity reduction) (RD -0.04 (95% CI -0.16 to 0.08) 3 studies, 192 participants; withdrawals due to adverse events (RD 0.04 (95% CI -0.02 to 0.09) 4 studies, 230 participants; participants experiencing any adverse event (RD 0.08 (95% CI -0.03 to 0.19) 4 studies, 230 participants; all-cause withdrawals (RD 0.03 (95% CI -0.07 to 0.14) 3 studies, 192 participants.",We found no difference between NSAID or placebo for a range of outcomes.,Studies found that taking a common pain medication called an NSAID did not work significantly better than a dummy pill in reducing pain for most people.
CD012332,9,split,"We downgraded evidence on all outcomes to very low quality, meaning that this research does not provide a reliable indication of the likely effect.",The evidence was of very low quality. This means that the research does not provide a reliable indication of the likely effect.,This study's results are not trustworthy because the data is unreliable.
CD012332,10,rephrase,The likelihood that the effect could be substantially different is very high.,The chance that the real effect of NSAIDs could be substantially different is very high.,It's likely that the outcome will be significantly different.
CD012332,14,rephrase,"Consequently, NSAIDs cannot be regarded as useful for treating fibromyalgia.",The very low-quality evidence and the lack of any obvious benefit mean that NSAIDs cannot be regarded as useful for the management of fibromyalgia.,Pain relievers like ibuprofen or aspirin are not effective treatments for fibromyalgia.
CD006717,1,rephrase,These involved approximately 200 participants with a diagnosis of patellofemoral pain syndrome.,"The review found five trials, involving around 200 participants with this condition, which compared the clinical use of taping with no taping.",The study included about 200 people who had been diagnosed with knee pain.
CD006717,2,rephrase,All compared taping versus control (no or placebo taping) and all included one or more co-interventions given to both taping and control group participants; this was prescribed exercise in four trials.,"In four trials, participants of both taping and no or placebo taping groups were prescribed exercises.","In these studies, some people were taped while others weren't. Both groups also did exercises as part of the study."
CD006717,4,rephrase,"A meta-analysis of the visual analogue scale (VAS) pain data (scale 0 to 10: worst pain), measured in different ways, from four trials (data from 161 knees), found no statistically or clinically significant difference between taping and non taping in pain at the end of the treatment programmes (mean difference (MD) -0.15; 95% confidence interval (CI) -1.15 to 0.85; random-effects model used given the significant heterogeneity (P < 0.0001)).",Pooled results from four trials (161 knees) for the level of pain at the end of the treatment programme (ranging for one week to three months) showed no difference between those given taping and those not.,"A study looked at how well a special tape helped reduce pain in people with knee problems. It compared people who got taped to those who didn't, and found that there was no difference in their level of pain after treatment."
CD006717,5,ignore,Data for other outcomes measuring function and activities of daily living were from single trials only and gave contradictory results.,Data for other outcomes measuring function and activities of daily living were from single trials only and gave different results.,The data on how well patients could perform everyday tasks was inconsistent across different studies.
CD006717,6,rephrase,"The currently available evidence from trials reporting clinically relevant outcomes is low quality and insufficient to draw conclusions on the effects of taping, whether used on its own or as part of a treatment programme.",The review concluded that the currently available evidence from trials reporting clinically relevant outcomes is and low quality and insufficient to draw conclusions on the effects of taping.,The current research on taping doesn't provide enough reliable information to say for sure if it helps or not.
CD006717,8,rephrase,"Before this, consensus is required on the diagnosis of patellofemoral pain syndrome, the standardisation of outcome measurement and an acceptable approach for patellar taping.","However, before further trials are conducted, some consensus is required to establish the typical patients, taping technique and the best way of measuring outcome.","Before this study, doctors needed to agree on how to diagnose a common knee problem called patellofemoral pain syndrome, how to measure its effects, and what treatment with tape should look like."
CD004365,1,rephrase,"Major methodological limitations such as small trial size and large confidence intervals decreased the power of the studies to detect differences between treatments, and meta-analysis of data was not possible for the majority of outcomes.",Meta-analysis of data was not possible for most outcomes.,"The small number of participants in these studies made it difficult to compare different treatments effectively, and combining the results wasn't feasible for most outcomes."
CD004365,2,rephrase,"Four placebo-controlled trials did not find evidence that antidepressants improved weight gain, eating disorder or associated psychopathology.","Seven small studies were identified; four placebo-controlled trials did not find evidence of efficacy of antidepressants in improving weight gain, eating disorder or associated symptoms, as well as differences in completion rates.","Studies using a fake treatment as a comparison found no proof that antidepressant medications help with weight gain, eating disorders, or related mental health problems."
CD004365,5,split,A lack of quality information precludes us from drawing definite conclusions or recommendations on the use of antidepressants in acute AN.,"The aim of the present review was to evaluate the evidence from randomised controlled trials for the efficacy and acceptability of antidepressant treatment in acute AN. However, major methodological limitations of these studies (e.g. insufficient power to detect differences) prevent from drawing definite conclusions or recommendations for antidepressant use in acute AN.","We can't make a clear decision about using antidepressant medication for people with sudden, severe mental health issues because there's not enough reliable information."
CD004365,6,rephrase,"Future studies testing safer and more tolerable antidepressants in larger, well designed trials are needed to provide guidance for clinical practice.",Further studies testing safer antidepressants in larger and well designed trials are needed to guide clinical practice.,More research is needed to find new antidepressant medicines that work better and have fewer side effects.
CD011995,0,rephrase,We included two RCTs (116 adult participants).,We included two randomised controlled trials with a total of 116 adult participants in this review.,We analyzed data from two studies involving 116 adults.
CD011995,1,split,"One compared large-volume (150 ml) hypertonic (2%) saline irrigation with usual treatment over a six-month period; the other compared 5 ml nebulised saline twice a day with intranasal corticosteroids, treating participants for three months and evaluating them on completion of treatment and three months later.","One compared large-volume (150 ml) hypertonic saline irrigation with usual treatment over a six-month period. The other compared 5 ml of nebulised saline twice a day with intranasal corticosteroids, treating participants for three months and evaluating them on completion of treatment and three months later.","Researchers tested two different treatments for nasal congestion. One group used a strong salt solution to rinse their noses over six months, while another group used a small amount of saline mist twice a day with a steroid spray, and they were evaluated at the end of treatment and three months later."
CD011995,2,rephrase,"Large-volume, hypertonic nasal saline versus usual care
One trial included 76 adult participants (52 intervention, 24 control) with or without polyps.Disease-specific HRQL  was reported using the Rhinosinusitis Disability Index (RSDI; 0 to 100, 100 = best quality of life).","Large-volume, hypertonic nasal saline versus usual care
In the small trial of 76 participants our primary outcome of 'disease-specific health-related quality of life' was reported using a 0- to 100-point scale.","Researchers compared a new treatment for nasal problems to usual care in 76 adults. The new treatment involved using a strong salt solution in the nose. They measured how well these people could function and feel, using a scale from 0 (worst) to 100 (best)."
CD011995,3,rephrase,"At the end of three months of treatment, patients in the saline group were better than those in the placebo group (mean difference (MD) 6.3 points, 95% confidence interval (CI) 0.89 to 11.71) and at six months there was a greater effect (MD 13.5 points, 95% CI 9.63 to 17.37).","At the end of three months of treatment, patients in the saline group were better than those in the placebo group and at six months of treatment there was a greater effect.","After three months of treatment, patients who received a harmless salt solution did better than those who got a dummy pill. By the sixth month, they were doing even better."
CD011995,4,ignore,We assessed the evidence to be of low quality for the three months follow-up and very low quality for the six months follow-up.,We assessed the evidence to be of low quality for the three months follow-up and very low quality for the six months follow-up.,"The study found that the reliability of the results was questionable after 3 months, but extremely unreliable after 6 months."
CD011995,5,rephrase,"Patient-reported disease severity  was evaluated using a ""single-item sinus symptom severity assessment"" but the range of scores is not stated, making it impossible for us to determine the meaning of the data presented.","Patient-reported disease severity was also evaluated but the trialists did not state the range of scores used, which made it impossible for us to determine the meaning of the data presented.","Patients rated how severe their symptoms were, but we can't understand what those ratings mean because they didn't tell us what the different numbers represent."
CD011995,6,ignore,No adverse effects  data were collected in the control group but 23% of participants in the saline group experienced side effects including epistaxis.,No adverse effects data were collected in the control group but 23% of participants in the saline group experienced side effects including nosebleeds (epistaxis).,"In the group without any treatment, no one had any problems. However, about 1 in 4 people who received a harmless salt solution had some unwanted symptoms, such as nosebleeds."
CD011995,7,rephrase,"General HRQL  was measured using SF-12 (0 to 100, 100 = best quality of life).",General health-related quality of life was also measured in this study.,"""Quality of life was measured on a scale from 0 to 100, with higher numbers indicating better health and well-being."""
CD011995,8,rephrase,"No difference was found after three months of treatment (low quality evidence) but at six months there was a small difference favouring the saline group, which may not be of clinical significance and has high uncertainty (MD 10.5 points, 95% CI 0.66 to 20.34) (very low quality evidence).",No difference was found after three months of treatment but at six months there was a small difference (although the result is uncertain).,"After three months of treatment, there was no noticeable difference between the two groups. However, after six months, a small advantage was seen in one group over the other, but it's unclear if this makes any real difference in how patients are treated and is based on very uncertain evidence."
CD011995,9,rephrase,"Low-volume, nebulised saline versus intranasal corticosteroids
One trial included 40 adult participants with polyps.","Low-volume, nebulised saline versus intranasal corticosteroids
One small trial had 20 patients in each of the two arms being compared.",Researchers compared two treatments for people with nasal polyps: a small amount of salt water inhaled through the nose versus a spray that contains a steroid to reduce swelling.
CD011995,10,rephrase,Our primary outcome of disease-specific HRQL  was not reported.,Our primary outcome of disease-specific health-related quality of life was not reported.,"""Our study did not measure how well patients' health and quality of life improved for their specific illness."""
CD011995,11,rephrase,"At the end of treatment (three months) the patients who had intranasal corticosteroids had less severe symptoms  (MD -13.50, 95% CI -14.44 to -12.56); this corresponds to a large effect size.",At the end of treatment (three months) there was an improvement in symptoms.,"After three months of treatment, people who used nasal spray medicine had significantly fewer and milder symptoms compared to those who didn't use it."
CD011995,12,ignore,We assessed the evidence to be of very low quality.,We assessed the evidence to be of low quality.,The research findings were based on weak and unreliable data.
CD011995,13,ignore,"The two studies were very different in terms of included populations, interventions and comparisons and so it is therefore difficult to draw conclusions for practice.","The two studies were very different in terms of included populations, interventions and comparisons and so it is therefore difficult to draw conclusions for practice.","The two studies had very different groups of people, treatments, and things being compared, making it hard to apply their findings in real life."
CD004896,0,rephrase,Three trials met the inclusion criteria.,"We found three randomised trials which met inclusion criteria and included well data from over 20,000 patients recruited in 40 countries.",Three studies qualified to be included in our analysis.
CD004896,1,rephrase,"Two trials (n = 20,451) assessed the effect of TXA.",Two trials assessed the effect of TXA in patients aged 16 and over.,"Two studies with a total of over 20,000 participants looked at how well a certain treatment, called TXA, works."
CD004896,2,rephrase,"The larger of these (CRASH-2, n = 20,211) was conducted in 40 countries and included patients with a variety of types of trauma; the other (n = 240) restricted itself to those with traumatic brain injury (TBI) only.","The largest (n = 20,211) involved patients suffering from a variety of types of trauma, and the other (n = 240) only those who had suffered traumatic brain injury.","The larger study involved over 20,000 people from around the world who had been injured in various ways, while the smaller one focused specifically on people who had suffered head injuries."
CD004896,3,rephrase,One trial (n = 77) assessed aprotinin in participants with major bony trauma and shock.,"Of these, one small trial (n = 77) looked at the effect of aprotinin in patients aged 12 and older who had suffered trauma involving broken bones and shock.",Researchers tested a medication called aprotinin on 77 people who had severe injuries to their bones and were also experiencing shock.
CD004896,6,rephrase,"There is no evidence that antifibrinolytics have an effect on the risk of vascular occlusive events (quality of evidence: moderate), need for surgical intervention or receipt of blood transfusion (quality of evidence: high).","There was moderate-quality evidence for important adverse events including vascular occlusive events (including heart attacks, deep vein thrombosis, stroke and pulmonary embolism).","There's no proof that a certain type of medicine called antifibrinolytics can prevent serious blockages in the blood vessels, or reduce the need for surgery or blood transfusions."
CD004896,11,rephrase,TXA safely reduces mortality in trauma patients with bleeding without increasing the risk of adverse events.,The authors of this review conclude that TXA can safely reduce death in trauma patients with bleeding and should be given as soon as possible after injury.,"Taking a common medication called TXA can help save lives in people who are injured and bleeding, without making them more likely to experience serious side effects."
CD004896,13,rephrase,"Although there is some promising evidence for the effect of TXA in patients with TBI, substantial uncertainty remains.","However, there is still some uncertainty about the effect of TXA in patients who have bleeding inside the brain from a head injury, but are not bleeding from injuries elsewhere.",There's still a lot we don't know about how well a certain treatment works for people who have had a head injury.
CD004896,14,rephrase,Two ongoing trials being conducted in patients with isolated TBI should resolve these remaining uncertainties.,We have found two ongoing trials that are trying to answer this question.,Two current studies involving people who have suffered a severe head injury will help answer the remaining questions about their treatment.
CD007025,0,split,"We included a total of 84 trials (22,872 participants), with 70/84 studies reporting interventions in higher risk individuals or settings.",We found a total of 84 randomised controlled trials (studies where participants were randomly divided into one of two or more treatment or control groups) that compared MI with either no intervention or with a different approach. Seventy of these trials focused on higher risk individuals or settings.,"We looked at 84 different medical studies involving over 22,000 people, and found that most of them focused on helping people who are more likely to get sick."
CD007025,2,rephrase,"Overall, the risk of bias assessment showed that these studies provided moderate or low quality evidence.","Overall, there is only low or moderate quality evidence for the effects found in this review.","These studies have some flaws in their design, but they still provide somewhat reliable results."
CD007025,3,rephrase,"At four or more months follow-up, we found effects in favour of MI for the quantity of alcohol consumed (standardised mean difference (SMD) −0.11, 95% confidence interval (CI) −0.15 to −0.06 or a reduction from 13.7 drinks/week to 12.5 drinks/week; moderate quality evidence); frequency of alcohol consumption (SMD −0.14, 95% CI −0.21 to −0.07 or a reduction in the number of days/week alcohol was consumed from 2.74 days to 2.52 days; moderate quality evidence); and peak blood alcohol concentration, or BAC (SMD −0.12, 95% CI −0.20 to 0.05, or a reduction from 0.144% to 0.131%; moderate quality evidence).","At four or more months follow-up, we found only small or borderline effects showing that MI reduced the quantity of alcohol consumed, frequency of alcohol consumption, alcohol problems and peak blood alcohol concentration (BAC).","After four months or more of treatment, we found that people who received MI (Motivational Interviewing) drank less alcohol than those who didn't receive it. They consumed fewer drinks per week and had lower levels of alcohol in their blood."
CD007025,6,rephrase,Further analyses showed that there was no clear relationship between the duration of the MI intervention (in minutes) and effect size.,We found no relationship between the length of MI and its effectiveness.,The study found no link between how long a heart attack treatment lasted and its effectiveness.
CD007025,7,rephrase,Subgroup analyses revealed no clear subgroup effects for longer-term outcomes (four or more months) for assessment only versus alternative intervention controls; for university/college vs other settings; or for higher risk vs all/low risk participants.,"Also, there were no clear subgroup differences in effects when we examined the type of comparison group (assessment only control or alternative intervention, the setting (college/university vs other settings), or risk status (higher risk students vs all/low-risk students).","Breaking down the original sentence, I get: ""When we looked at different groups of people, we didn't find any significant differences in how they did over time when comparing those who only got an assessment to those who also received a treatment; or when comparing students from universities and colleges to others; or when comparing people with higher risk factors to those with lower risk."""
CD007025,8,ignore,None of the studies reported harms related to MI.,None of the studies reported harms related to MI.,None of the studies found any problems or negative effects caused by heart attacks.
CD007025,10,rephrase,"Although we found some statistically significant effects, the effect sizes were too small, given the measurement scales used in the included studies, to be of relevance to policy or practice.","Although we found some significant effects for MI, our reading of these results is that the strength of the effects was slight and therefore unlikely to confer any advantage in practice.","While our study did find some important results, they are not big enough to make a difference in real-world decisions."
CD007565,1,rephrase,We found 11 retrospective studies that included a multivariate analysis that met our inclusion criteria.,We found 11 retrospective studies that included more than 100 women and used a multivariate analysis (used statistical adjustment for important prognostic factors) and met our inclusion criteria.,We identified 11 older studies that used a special statistical method to analyze their data and qualified for our research.
CD007565,2,ignore,"Analyses showed the prognostic importance of complete cytoreduction, where the residual disease was microscopic that is no visible disease, as overall (OS) and progression-free survival (PFS) were significantly prolonged in these groups of women.","Analyses showed the prognostic importance of complete cytoreduction, where the residual disease is microscopic with no visible disease, as overall (OS) and progression-free survival (PFS) were significantly prolonged in these groups of women.",Removing all cancer cells during surgery greatly improves a woman's chances of living longer without her cancer coming back.
CD007565,3,ignore,PFS was not reported in all of the studies but was sufficiently documented to allow firm conclusions to be drawn.,PFS was not reported in all of the studies but was sufficiently documented to allow firm conclusions to be drawn.,"Some of the studies didn't report how long patients lived without their disease getting worse, but they had enough information for us to make solid conclusions."
CD007565,4,rephrase,"When we compared suboptimal (> 1 cm) versus optimal (< 1 cm) cytoreduction the survival estimates were attenuated but remained statistically significant in favour of the lower volume disease group There was no significant difference in OS and only a borderline difference in PFS when residual disease of > 2 cm and < 2 cm were compared (hazard ratio (HR) 1.65, 95% CI 0.82 to 3.31; and HR 1.27, 95% CI 1.00 to 1.61, P = 0.05 for OS and PFS respectively).","When we compared suboptimal (> 1 cm) versus optimal (< 1 cm) cytoreduction the survival estimates were attenuated but remained statistically significant in favour of the lower volume disease group, but there was no significant difference in OS and only a borderline difference in PFS when residual disease of > 2 cm and < 2 cm were compared.","When we compared patients who had a lot of cancer left behind (more than 1 cm) to those with less cancer left behind (less than 1 cm), the results showed that having less cancer was still linked to better survival, but not as strongly. When comparing patients with even more or less cancer left behind (2-3 cm vs 0-2 cm), we found a small difference in how long they survived, but it wasn't big enough to be considered significant."
CD007565,5,rephrase,"There was a high risk of bias due to the retrospective nature of these studies where, despite statistical adjustment for important prognostic factors, selection bias was still likely to be of particular concern.",There was a high risk of bias due to the retrospective nature of these studies.,"The study's results may not be reliable because it looked back in time and chose participants based on past events, which can lead to unfair comparisons."
CD007565,6,ignore,"Adverse events, quality of life (QoL) and cost-effectiveness were not reported by treatment arm or to a satisfactory level in any of the studies.","Adverse events, quality of life (QoL) and cost-effectiveness were not reported by treatment arm or to a satisfactory level in any of the studies.","The studies didn't report how well treatments worked for patients, how much they improved their lives, or whether they were worth the cost."
CD007565,7,split,During primary surgery for advanced stage epithelial ovarian cancer all attempts should be made to achieve complete cytoreduction.,"This review assessed overall and progression-free survival of optimal primary cytoreductive surgery for women with advanced epithelial ovarian cancer (stages III and IV). During primary surgery for advanced stage epithelial ovarian cancer, all attempts should be made to achieve complete cytoreduction.","When treating a woman with late-stage ovarian cancer, doctors should try their best to remove as much of the tumor as possible during her initial operation."
CD007565,8,ignore,"When this is not achievable, the surgical goal should be optimal (< 1 cm) residual disease.","When this is not achievable, the surgical goal should be optimal (< 1 cm) residual disease.","""When it's not possible to remove all of the diseased tissue, the main aim of surgery should be to leave as little behind as possible (less than 1 centimeter)."""
CD007565,9,ignore,"Due to the high risk of bias in the current evidence, randomised controlled trials should be performed to determine whether it is the surgical intervention or patient-related and disease-related factors that are associated with the improved survival in these groups of women.","Due to the high risk of bias in the current evidence, randomised controlled trials should be performed to determine whether it is the surgical intervention or patient-related and disease-related factors that are associated with the improved survival in these groups of women.",More research using a controlled study design is needed to figure out if surgery or other factors are responsible for the better survival rates seen in certain groups of women.
CD006954,0,rephrase,Twenty studies (1150 women) were included.,The authors identified twenty randomised controlled trials of sufficient quality involving 1150 women.,"We looked at data from 20 different research projects involving a total of 1,150 women."
CD006954,2,rephrase,"In women under general anaesthesia, with caesarean section wound infiltration and peritoneal spraying with local anaesthetic (one study, 100 participants), the need for opioid rescue was reduced (risk ratio (RR) 0.51; 95% CI 0.38 to 0.69).","In general, local anaesthesia wound infiltration was of benefit in women having a caesarean section requiring regional anaesthetics because of a reduction in the use of opioid analgesia.","When women have a C-section under general anesthesia and receive a special pain-relieving spray, they are less likely to need strong pain medication afterwards."
CD006954,4,rephrase,"Women with regional analgesia who had local anaesthetic and non-steriodal anti-inflammatory cocktail wound infiltration consumed less morphine (one study, 60 participants; MD -7.40 mg; 95% CI -9.58 to -5.22) compared to local anaesthetic control.",Women undergoing general anaesthesia who had wound infiltration with local anaesthetics and peritoneal spraying required lower amounts of opioids in the first 24 hours post-operation compared to saline control.,Women who received a special pain-relieving mixture in their wounds during surgery needed much less morphine after the procedure than women who didn't get this treatment.
CD006954,8,rephrase,Local analgesia infiltration and abdominal nerve blocks as adjuncts to regional analgesia and general anaesthesia are of benefit in caesarean section by reducing opioid consumption.,Women who had regional anaesthesia and abdominal nerves blocked also benefited by decrease in opioid requirements.,"Using a special kind of pain relief that numbs the area around the uterus, along with other types of anesthesia, can help reduce the amount of strong pain medication needed during a C-section."
CD006954,9,rephrase,Nonsteroidal anti-inflammatory drugs as an adjuvant may confer additional pain relief.,Non-steroidal anti-inflammatory drugs provided additional pain relief but with more side effects of pruritus.,Taking certain medications along with other treatments can help reduce pain even more.
CD004572,0,rephrase,Thirty-two randomized controlled trials meeting the inclusion criteria were identified.,The authors reviewed the results of all randomized trials that compared an aldose reductase inhibitor with a control and lasted at least six months.,We found 32 studies that met our requirements and were conducted properly.
CD004572,1,rephrase,Many had significant methodological flaws.,Many of the 32 randomized controlled trials identified had significant methodological flaws.,The studies had major problems with their research methods.
CD004572,2,rephrase,"Change in neurological function, our primary outcome measure, was assessed in 29 trials, but sufficient data for meta-analysis were only available in 13 studies, involving 879 treated participants and 909 controls.","Muscle strength or sensation were assessed in 29 trials, but sufficient data for analysis was only available in 13 studies, involving 879 treated participants and 906 controls.","We looked at how brain function changed in 29 different studies, but we could only combine the results of 13 of those studies because they had enough information. Those 13 studies included data from 1,788 people who received treatment and 909 people who didn't receive any treatment."
CD004572,3,rephrase,"There was no overall significant difference between the treated and control groups (SMD -0.25, 95% CI -0.56 to 0.05), although one subgroup analysis (four trials using tolrestat) favored treatment.",There was no overall significant difference between the treated and control groups.,"The study found that there wasn't a big difference in results between the group that received treatment and the group that didn't. However, when looking at a smaller group of patients who took a specific medication called tolrestat, it seemed to work better for them."
CD004572,4,rephrase,"A benefit for neuropathic symptoms was suggested by a group of trials using a dichotomized endpoint (improvement or not), but this was contradicted by another group of trials which measured symptoms on a continuous scale.","A few trials did report that symptoms of neuropathy improved for the treated group, but this was contradicted by most other trials.","Some studies found that certain treatments helped people with nerve pain, but other studies didn't find the same results."
CD004572,5,rephrase,There was no overall benefit on nerve conduction parameters (27 studies) or foot ulceration (one study).,No benefit was detected on electromyography (EMG) parameters (27 studies) or foot ulceration (one study).,The treatment had no positive effect on how well nerves work or on preventing foot ulcers.
CD004572,6,ignore,Quality of life was not assessed in any of the studies.,Quality of life was not assessed in any of the studies.,The researchers didn't look at how well patients were doing in their daily lives.
CD004572,7,rephrase,"While most adverse events were infrequent and minor, three compounds had dose limiting adverse events that lead to their withdrawal from human use: severe hypersensitivity reactions with sorbinil, elevation of creatinine with zenarestat, and alteration of liver function with tolrestat.","Adverse effects were infrequent and were mostly minor, except for severe allergic reactions with sorbinil, impaired kidney function with zenarestat, and alteration of liver function with tolrestat.","Three medicines caused serious problems when taken by people. Two of these problems were allergic reactions, one medicine made the kidneys work too hard, and another affected how the liver works, so they are no longer used in humans."
CD004572,8,rephrase,We found no statistically significant difference between aldose reductase inhibitors and placebo in the treatment of diabetic polyneuropathy.,The authors concluded that there was no significant benefit of treatment with aldose reductase inhibitors for diabetic polyneuropathy.,Researchers couldn't find any evidence that a certain type of medication helps people with diabetes-related nerve damage more than taking a dummy pill.
CD008034,0,rephrase,Three eligible trials involving 569 patients were identified.,The review authors identified three eligible controlled trials in which 569 patients were randomized to Lichtenstein or preperitoneal mesh repair.,We found three studies with a total of 569 participants.
CD008034,1,rephrase,"Due to methodological limitations in the included studies, there was considerable variation in the results of acute (risk range 38.67% to 96.51%) and chronic pain (risk range 7.83% to 40.47%) across the control groups.","Due to methodological limitations in the included trials, the data were not pooled.","Because the studies used different methods, the results showed a wide range of people experiencing both short-term (38-97%) and long-term (8-40%) pain in the control groups."
CD008034,3,split,"Two trials involving 322 patients reported less chronic pain after preperitoneal repair (relative risk (RR) 0.18, number needed to treat (NNT) 8; RR 0.51, NNT 5), whereas one trial, including 247 patients, described more chronic pain after this repair (RR 1.17, NNT 77).","Comparison of pain results in the individual trials showed that preperitoneal repair causes less chronic pain (relative risk (RR) 0.18, number needed to treat (NNT) 8; RR 0.51, NNT 5) compared to the Lichtenstein procedure in two trials involving 322 patients. One trial, including 247 patients, described more chronic pain after this repair (RR 1.17, NNT 77).","Two studies found that a certain surgical technique reduced chronic pain in most patients, but another study with similar patients found the opposite result - increased chronic pain."
CD008034,4,ignore,"The same trials favoured the preperitoneal technique concerning acute pain (RR 0.17, NNT 3; RR 0.78, NNT 7), whereas in the third trial it was almost omnipresent and thus comparable in both intervention arms (RR 0.997, NNT 333).","The same trials favoured the preperitoneal technique concerning acute pain (RR 0.17, NNT 3; RR 0.78, NNT 7), whereas in the third trial it was almost omnipresent and thus comparable in both intervention arms (RR 0.997, NNT 333).","The same studies showed that using a certain surgical technique can reduce acute pain more than another method, but in one of these studies, this difference was very small and not really noticeable."
CD008034,6,split,No late mesh infection occurred in the included trials.,The results for other early complications were not consistent across the included trials. No mesh infections were reported.,There were no cases of infections from the surgical mesh in these studies.
CD008034,7,rephrase,Both techniques are valid as they result in similar low recurrence rates.,"In conclusion, both techniques are valid causing few recurrences.",Both methods work well because they have about the same number of patients who experience a problem coming back.
CD008034,8,rephrase,Evaluation of pain results in the individual trials shows some evidence that preperitoneal repair causes less or comparable acute and chronic pain compared to the Lichtenstein procedure.,Analysis of pain results in each trial shows some evidence that preperitoneal repair causes less or comparable acute and chronic pain compared to the Lichtenstein technique.,"Studies have found that a certain type of hernia surgery, called preperitoneal repair, may cause less or similar amounts of short-term and long-term pain compared to another common method, known as the Lichtenstein procedure."
CD008034,9,rephrase,We emphasize the need for homogeneous high quality randomized trials comparing elective preperitoneal inguinal hernia techniques and Lichtenstein repair in terms of chronic pain.,"As no robust conclusions concerning chronic pain after elective hernia surgery can be made, we highlight the need for homogeneous trials.","""We think it's essential to compare different surgical methods for hernia repair, such as a newer technique versus the traditional Lichtenstein method, to see which one causes less long-term pain."""
CD006202,0,split,We included 71 trials in the review with 26 studies (1398 participants) comparing a bleaching agent to placebo and 51 studies (2382 participants) comparing a bleaching agent to another bleaching agent.,"We included 71 trials that involved 3780 adults who underwent tooth whitening procedures with various bleaching agents using different methods of application, length of application and duration of treatment. 26 studies compared a bleaching agent to placebo and 51 studies compared one bleaching agent to another bleaching agent.","We looked at 71 different experiments, which involved 3,780 people. Some of these experiments compared a teeth whitening treatment to a dummy treatment, while others compared one teeth whitening treatment to another."
CD006202,2,rephrase,"The bleaching agents (carbamide peroxide (CP) gel in tray, hydrogen peroxide (HP) gel in tray, HP strips, CP paint-on gel, HP paint-on gel, sodium hexametaphosphate (SHMP) chewing gum, sodium tripolyphosphate (STPP) chewing gum, and HP mouthwash) at different concentrations with varying application times whitened teeth compared to placebo over a short time period (from 2 weeks to 6 months), however the certainty of the evidence is low to very low.","The bleaching agents whitened teeth compared to placebo over a short time period (from 2 weeks to 6 months), however the certainty of the evidence is low to very low.","Different types of tooth-whitening products, such as gels and mouthwashes, were tested at various strengths and usage times. They all made teeth appear whiter compared to a dummy treatment over a short period (2 weeks to 6 months), but the evidence is not very strong."
CD006202,4,rephrase,Most of the comparisons were reported in single trials with small sample sizes and event rates and certainty of the evidence was assessed as low to very low.,This was because most of the comparisons were reported in single trials with small sample sizes and event rates.,"Most studies had too few participants, and we can't be sure if their results are reliable."
CD006202,5,ignore,Therefore the evidence currently available is insufficient to draw reliable conclusions regarding the superiority of home-based bleaching compositions or any particular method of application or concentration or application time or duration of use.,The evidence currently available is insufficient to draw reliable conclusions regarding the superiority of home-based bleaching compositions or any particular method of application or concentration or application time or duration of use.,"The current research doesn't provide enough information to say for sure whether using whitening products at home is better than other methods, and how often or long you should use them."
CD006202,6,rephrase,Tooth sensitivity and oral irritation were the most common side effects which were more prevalent with higher concentrations of active agents though the effects were mild and transient.,"The most common adverse events were tooth sensitivity and oral irritation, which were reported with higher concentrations of active agents, although the effects were mild and transient.","The most common problems people experienced when using this treatment were a sore mouth and some discomfort, but these issues usually went away on their own."
CD006202,8,rephrase,We found low to very low-certainty evidence over short time periods to support the effectiveness of home-based chemically-induced bleaching methods compared to placebo for all the outcomes tested.,The overall certainty of the evidence was low to very low for all comparisons.,"Our research suggests that using a special whitening treatment at home is no more effective than a fake treatment in improving teeth whiteness, and we can't be sure about its effects over longer periods."
CD006202,10,rephrase,"Well-planned RCTs need to be conducted by standardising methods of application, concentrations, application times, and duration of treatment.","Well-planned randomised controlled trials need to be conducted by standardising methods of application, concentrations, application times and duration of treatment.","To get reliable results from medical studies, researchers should follow a consistent plan for how they give treatments, including the amount used and how long it's given."
CD006876,0,rephrase,We included 45 trials (involving 1619 participants) in this update of our review.,We identified 45 trials (involving 1619 participants) up to January 2018 and included them in our review.,"We looked at 45 studies involving a total of 1,619 people for this updated review."
CD006876,1,rephrase,"Electromechanical and robot-assisted arm training improved activities of daily living scores (SMD 0.31, 95% confidence interval (CI) 0.09 to 0.52, P = 0.0005; I² = 59%; 24 studies, 957 participants, high-quality evidence), arm function (SMD 0.32, 95% CI 0.18 to 0.46, P < 0.0001, I² = 36%, 41 studies, 1452 participants, high-quality evidence), and arm muscle strength (SMD 0.46, 95% CI 0.16 to 0.77, P = 0.003, I² = 76%, 23 studies, 826 participants, high-quality evidence).","Twenty-four different electromechanical devices were described in the trials, which compared electromechanical and robot-assisted arm training with a variety of other interventions.","Using a robotic device to help people move their arms in therapy improved their ability to perform daily tasks, increased arm function, and strengthened the muscles in their arms."
CD006876,3,rephrase,"People who receive electromechanical and robot-assisted arm training after stroke might improve their activities of daily living, arm function, and arm muscle strength.","Electromechanical and robot-assisted arm training improved activities of daily living in people after stroke, and function and muscle strength of the affected arm.","After a stroke, people who get special robotic therapy for their arms may be able to do everyday tasks more easily, move their arms better, and have stronger muscles in their arms."
CD006876,4,rephrase,"However, the results must be interpreted with caution although the quality of the evidence was high, because there were variations between the trials in: the intensity, duration, and amount of training; type of treatment; participant characteristics; and measurements used.",The quality of the evidence was high.,"The study's findings should be taken carefully into account because different studies had varying levels of exercise, treatments, and ways to measure results."
CD006566,0,rephrase,We included two interrupted time-series studies conducted in the USA.,We found two time-series studies conducted in the USA.,We looked at two studies done in the United States that tracked changes over time.
CD006566,3,rephrase,"In the study company, two interventions of interest were evaluated: mandatory random drug testing and mandatory random and for-cause alcohol testing programmes.","One was conducted in five large transportation companies, and it examined the effects of two interventions of interest: implementation of legislation for mandatory random drug testing and mandatory random and for-cause alcohol testing.",The study looked at two ways to prevent substance abuse: regular drug tests and random and voluntary alcohol tests.
CD006566,4,rephrase,The third study focused only on mandatory random drug testing and was conducted on federal injury data that covered all truck drivers of interstate carriers.,The other study was conducted using national injury data.,"This study looked at how mandatory random drug tests affected truck drivers who travel across state lines, using data from the government."
CD006566,7,rephrase,"Mandatory random drug testing was significantly associated with an immediate change in injury level following the intervention (1.26 injuries/100 person years, 95% CI 0.36 to 2.16) in one study, and in the second study there was no significant effect (-1.36/injuries/100 person years, 95% CI -1.69 to 0.41).",For mandatory alcohol testing there was evidence of an immediate effect only.,"In one study, mandatory random drug testing seemed to reduce injuries right away, but in another study, it didn't have a noticeable impact on the number of injuries."
CD006566,9,rephrase,"There is insufficient evidence to advise for or against the use of drug and alcohol testing of occupational drivers for preventing injuries as a sole, effective, long-term solution in the context of workplace culture, peer interaction and other local factors.",There is limited evidence that in the long term mandatory drug-testing interventions can be more effective than no intervention in reducing injuries in occupational drivers.,We don't have enough information to say whether requiring workers who drive on the job to take drug and alcohol tests will actually prevent accidents over time.
CD006566,10,rephrase,Cluster-randomised trials are needed to better address the effects of interventions for injury prevention in this occupational setting.,A cluster-randomised trial would be the ideal study design to evaluate the effects of interventions for injury prevention in this occupational setting.,"To understand how well certain safety measures work, we need more studies where groups of workplaces are randomly assigned to try out these measures or not."
CD005051,1,rephrase,"We found no studies that reported the effect of whole grain diets on total cardiovascular mortality or cardiovascular events (total myocardial infarction, unstable angina, coronary artery bypass graft surgery, percutaneous transluminal coronary angioplasty, total stroke).",We found no studies reporting on the effect of whole grains on deaths from cardiovascular disease or cardiovascular events.,We couldn't find any research that shows how eating whole grains affects the overall risk of heart disease or heart-related problems like heart attacks and strokes.
CD005051,2,rephrase,All included studies reported the effect of whole grain diets on risk factors for cardiovascular disease including blood lipids and blood pressure.,All nine included studies reported the effects of whole grain diets on levels of cholesterol in the blood or blood pressure.,Studies found that eating whole grains can help lower your chances of getting heart problems by improving your cholesterol levels and blood pressure.
CD005051,4,rephrase,"Overall, we found no difference between whole grain and control groups for total cholesterol (mean difference 0.07, 95% confidence interval -0.07 to 0.21; 6 studies (7 comparisons); 722 participants; low-quality evidence).",We found no effects on blood cholesterol or blood pressure in favour of whole grain diets.,We didn't find any difference in the amount of bad cholesterol between people who ate whole grain foods and those who didn't.
CD005051,5,rephrase,"Using GRADE, we assessed the overall quality of the available evidence on cholesterol as low.",We evaluated nine randomised studies assessing the effects of whole grain diets compared to diets with refined grains or a usual diet on levels of cholesterol in the blood or blood pressure (major risk factors for cardiovascular disease including heart attacks or stroke).,We evaluated the strength of the available research on cholesterol and found it to be weak.
CD005051,6,ignore,"Four studies were funded by independent national and government funding bodies, while the remaining studies reported funding or partial funding by organisations with commercial interests in cereals.","Four studies were funded by independent national and government funding bodies, while the remaining studies reported funding or partial funding by organisations with commercial interests in cereals.","Some research was paid for by neutral organizations, but most of the studies had sponsors who sell cereal products."
CD005051,7,rephrase,There is insufficient evidence from RCTs of an effect of whole grain diets on cardiovascular outcomes or on major CVD risk factors such as blood lipids and blood pressure.,"There is insufficient evidence from randomised controlled trials to date to recommend consumption of whole grain diets to reduce the risk of cardiovascular disease, or lower blood cholesterol, or blood pressure.",Current research does not show that eating whole grains has a significant impact on heart health or reducing the risk of conditions like high cholesterol and high blood pressure.
CD007113,0,rephrase,We included one trial of 167 women and their babies.,This trial randomised 167 women who were between 24 and 36 weeks' pregnant where ultrasound showed a small-for-gestational-age baby.,We looked at data from a study involving 167 mothers and their newborns.
CD007113,4,rephrase,"In keeping with the more frequent monitoring, mean gestational age at birth was four days less for the twice-weekly surveillance group compared with the fortnightly surveillance group (mean difference (MD) -4.00; 95% CI -7.79 to -0.21).","The mean gestational age at birth was just under 38 weeks in the twice-weekly group and just over 38 weeks in the fortnightly group, which was unlikely to have an impact on the health of the newborn.",Women who had their babies' health checked every two weeks instead of every week were born about four days earlier on average than those whose health was checked more frequently.
CD007113,5,rephrase,Women in the twice-weekly surveillance group were 25% more likely to have induction of labour than those in the fortnightly surveillance group (RR 1.25; 95% CI 1.04 to 1.50).,"With more frequent testing, women were 25% more likely to have induced labour.",Women who had their health checked every two weeks were 25% more likely to go into labor early than women who had their health checked every four weeks.
CD007113,7,rephrase,More studies are needed to evaluate the effects of currently used fetal surveillance regimens in impaired fetal growth.,More studies are needed and the women’s views on the testing are also important.,We need more research to understand how current methods for monitoring babies during pregnancy work when a baby's growth is not normal.
CD006751,0,rephrase,No studies of vitamin A or other retinoid supplementation were eligible for inclusion.,No studies on vitamin A supplementation were included in this review.,"""No research on taking extra vitamin A or similar vitamins was used in this study."""
CD006751,1,rephrase,"However, one randomised study of beta (β)-carotene supplementation involving 24 people with CF who were receiving pancreatic enzyme substitution was included.",A total of 24 people with cystic fibrosis (aged 6.7 to 27.7 years) were put into groups at random and treated either with β-carotene capsules (at a high dose for three months followed by a low dose for a further three months) or with placebo (for six months).,One small study looked at whether taking a supplement called beta-carotene helped people with cystic fibrosis who already take enzymes to help digest their food.
CD006751,2,rephrase,The study compared successive β-carotene supplementation periods (high dose followed by low dose) compared to placebo.,"The single included study revealed that high-dose beta-carotene supplementation for three months led to fewer days on which people with CF required antibiotics compared to placebo, but this was not the case in the following three-month section of the study when low-dose beta-carotene supplementation was compared to placebo.","The researchers tested how well a high dose of a nutrient called beta-carotene works, followed by a lower dose, compared to taking nothing at all."
CD006751,3,rephrase,"The results for the low-dose supplementation period should be interpreted with caution, due to the lack of a wash-out period after the high-dose supplementation.",Not all outcome measures were reported after each supplementation dose and results should be viewed with some caution as some beta-carotene from the high-dose period was probably still present in the blood during the low-dose supplementation period.,"When looking at the effects of taking a small amount of a supplement, we need to be careful in our interpretation because the person didn't have time to get rid of any leftover effects from when they took a larger dose."
CD006751,6,rephrase,There were no statistically significant effects between groups in lung function (low-quality evidence) and no adverse events were observed (low-quality evidence).,"Other clinical outcome measures (growth, nutritional status and lung function) showed no statistical significant differences between treatment and placebo groups.","""There was no difference in lung health between the different groups, and no serious problems occurred as a result of the study."""
CD006751,8,rephrase,The study did not report on quality of life or toxicity.,"The other outcomes in this review, such as vitamin A deficiency symptoms, mortality, toxicity and quality of life, were not reported.",The researchers didn't discuss how well the treatment worked or if it caused any side effects.
CD006751,9,rephrase,"Since no randomised or quasi-randomised controlled studies on retinoid supplementation were identified, no conclusion on the supplementation of vitamin A in people with CF can be drawn.","Since no studies on vitamin A supplementation were included in the review, no conclusions can be drawn regarding the routine use of vitamin A supplements.",There isn't enough research to know if taking extra vitamin A helps people with cystic fibrosis.
CD006751,10,rephrase,"Additionally, due to methodological limitations in the included study, also reflected in the low-quality evidence judged following the specific evidence grading system (GRADE), no clear conclusions on β-carotene supplementation can be drawn.","This is reflected in the assessment of low-quality evidence, judged using the specific evidence grading system (GRADE).","Because of problems with how the study was done and because the evidence is not very strong, we can't say for sure if taking beta-carotene supplements helps or hurts."
CD006751,11,rephrase,"Until further data are available, country- or region-specific guidelines regarding these practices should be followed.","Until further evidence is available, local guidelines should be followed regarding supplementation.","""Wait for more information to come out before following any specific rules about this."" (Note: I've kept the original meaning intact while using simpler language and removing unnecessary details.)"
CD009730,0,rephrase,We included 40 studies involving 1717 participants.,The review included 40 studies with 1717 people with cystic fibrosis.,"We looked at data from 40 different research projects, which involved a total of 1,717 people."
CD009730,1,rephrase,"The quality of the included studies was largely poor and, with a few exceptions, these comprised of mainly small, inadequately reported studies.",The quality of the included studies was often poor and many were not properly reported.,Most of the studies we looked at were of low quality and often didn't provide enough information to be reliable.
CD009730,2,rephrase,"When comparing treatment with a single antibiotic to a combined antibiotic regimen, those participants receiving a combination of antibiotics experienced a greater improvement in lung function when considered as a whole group across a number of different measurements of lung function, but with very low quality evidence.","In the comparison between those people who were given just one antibiotic and those who were given two, it appeared that those receiving two antibiotics experienced a greater improvement in lung function, but when limited to only those studies that included a dummy drug, we did not see any difference.","People who took two antibiotics at the same time had better lung function than those who took just one antibiotic, but we don't have strong proof that this is true."
CD009730,8,rephrase,No studies in any comparison reported on quality of life.,None of the studies reported on quality of life.,None of the studies compared looked at how well patients were doing in their daily lives.
CD009730,9,rephrase,The quality of evidence comparing intravenous antibiotics with placebo is poor.,Studies compared intravenous antibiotics with placebo (dummy drug with no active medication) and also one antibiotic compared to two antibiotics given together.,There isn't enough good research to compare how well antibiotics given through a vein work compared to nothing.
CD009730,10,rephrase,"No specific antibiotic combination can be considered to be superior to any other, and neither is there evidence showing that the intravenous route is superior to the inhaled or oral routes.",Specific antibiotic combinations were also compared as were intravenous antibiotics with antibiotics that were breathed in (inhaled) and antibiotics that were swallowed (oral).,"There's no single best way to give antibiotics, and it doesn't matter whether you take them by mouth, breathe them in, or get a shot into your vein."
CD006866,0,rephrase,"Six RCTs with a total of 1211 participants were eligible; five trials evaluated oral aciclovir, and one, with 419 participants, evaluated oral famciclovir.",They included a total of 1319 participants.,"Six studies involving a total of 1211 people were used to evaluate two antiviral medications: oral aciclovir was tested in five of the studies, and oral famciclovir was tested in one study with 419 participants."
CD006866,6,rephrase,For neither treatment was the incidence of adverse events significantly different from placebo.,The number of side effects with aciclovir and famciclovir was not very different from the number with placebo.,Neither treatment caused more problems than a dummy pill.
CD006866,8,rephrase,We found no new RCTs when we updated the searches in April 2013.,"The evidence is current to April 2013, when the searches were last updated.","When we looked again at medical studies published up to April 2013, we didn't find any new ones that were conducted with a controlled group."
CD006866,9,rephrase,There is high quality evidence that oral aciclovir does not reduce the incidence of PHN significantly.,"We conclude that according to high quality evidence, oral aciclovir was ineffective in reducing the incidence of PHN and there is not enough evidence on other antiviral treatments.","Research shows that taking a common antiviral medication by mouth, called acyclovir, doesn't greatly lower the risk of getting a painful condition called postherpetic neuralgia (PHN) after shingles."
CD006866,10,rephrase,"In addition, there is insufficient evidence to determine the effect of other antiviral treatments; therefore, further well-designed RCTs are needed to investigate famciclovir or other new antiviral agents in preventing PHN.",There need to be further well-designed trials of famciclovir or other new antiviral agents with a greater number of participants.,More research is needed to see if certain medications can prevent a painful condition called postherpetic neuralgia (PHN) that some people get after having shingles.
CD006866,11,rephrase,"Future trials should pay more attention to the severity of pain and quality of life of participants, and should be conducted among different subgroups of people, such as people who are immunocompromised.","Future trials should pay more attention to the severity of pain and quality of life of participants, and should include different groups of people, such as those who have lowered immunity.","Future studies should focus on how much pain patients experience and how well they can live their daily lives. They should also involve different groups of people, like those with weakened immune systems."
CD003749,2,ignore,Overall the quality of the evidence from these studies was moderate.,Overall the quality of the evidence from these studies was moderate.,The research findings were based on fairly reliable data.
CD003749,3,rephrase,"BKA using skew flaps or sagittal flaps conferred no advantage over the well established long posterior flap technique (primary stump healing was 60% for both skew flaps and long posterior flap (risk ratio (RR) 1.00, 95% confidence interval (CI) 0.71 to 1.42) and primary stump healing was 58% for sagittal flaps and 55% for long posterior flap (Peto odds ratio (OR) 1.04, 95% CI 0.45 to 2.43).","Below knee amputation using skew flaps or sagittal flaps provided no advantage over the long posterior flap technique on primary stump healing, which approached 60% for all groups.",Using special types of skin flaps called skew or sagittal flaps didn't improve healing compared to a more traditional technique that involves cutting the leg behind the knee (called the long posterior flap).
CD003749,4,rephrase,"For participants with wet gangrene, a two-stage procedure with a guillotine amputation at the ankle followed by a definitive long posterior flap amputation led to better primary stump healing than a one-stage procedure (Peto OR 0.08, 95% CI 0.01 to 0.89).","In the third study, involving 30 participants with wet gangrene, a two-stage procedure with a guillotine amputation at the ankle followed by long posterior flap amputation led to better primary stump healing than a one-stage procedure with delayed skin closure.","For people with severe foot infections that have caused their skin and tissue to rot, doing two surgeries - the first to remove the infected part of the leg just above the ankle, and a second surgery later to remove more of the leg as needed - resulted in better healing than doing only one surgery."
CD003749,5,split,"Post-operative infection rate or wound necrosis, reamputation, and mobility with a prosthetic limb were similar in the different comparisons.","Each reported on different comparisons. Post-operative infection rate or wound necrosis, reamputation and mobility with a prosthetic limb were similar in the different comparisons.","After surgery, patients had similar rates of complications such as infections, bad wounds that needed to be cut off again, and problems walking with a prosthetic leg."
CD003749,8,rephrase,"The choice of amputation technique can, therefore, be a matter of surgeon preference taking into account factors such as previous experience of a particular technique, the extent of non-viable tissue, and the location of pre-existing surgical scars.","Factors which might have influenced the findings include previous experience of a technique, the extent of non-viable tissue, and location of pre-existing surgical scars.","When deciding which way to cut off a limb, surgeons consider their own experience with different techniques, how much damaged tissue needs to be removed, and where any old scars are located."
CD006055,0,rephrase,Twenty-four trials involving 4422 participants were reviewed.,Twenty-four trials involving 4422 women were reviewed.,"We looked at data from 24 studies with a total of over 4,400 people."
CD006055,5,rephrase,"Clindamycin tended to cause a lower rate of adverse events (RR 0.75, 95% CI 0.56 to 1.02); metallic taste, and nausea and vomiting were more common in the metronidazole group (RR 0.08, 95% CI 0.1 to 0.59; RR 0.23, 95% CI 0.10 to 0.51, respectively).","Metronidazole tended to cause a higher rate of adverse events, such as metallic taste and nausea and vomiting, than did clindamycin.","Clindamycin was associated with fewer side effects compared to metronidazole, but people taking metronidazole were more likely to experience a metallic taste and feel nauseous or vomit."
CD006055,7,rephrase,"Similarly, oral lactobacillus combined with metronidazole was more effective than metronidazole alone (RR 0.33, 95% CI 0.14 to 0.77).",Oral lactobacillus combined with metronidazole was more effective than metronidazole alone.,Taking a probiotic called lactobacillus in addition to the antibiotic metronidazole worked better than taking just metronidazole on its own.
CD006055,10,split,"Clindamycin preparations, oral metronidazole, and oral and intravaginal tablets of lactobacillus were effective for bacterial vaginosis.","Administered in an intravaginal gelatin tablet, lactobacillus was also more effective than oral metronidazole. Drugs effective for bacterial vaginosis include clindamycin preparations, oral metronidazole, and oral and intravaginal tablets of lactobacillus.","""Taking clindamycin pills, metronidazole pills, or using a special vaginal tablet with good bacteria called lactobacillus can help treat bacterial vaginosis."""
CD006055,11,split,Hydrogen peroxide douche and triple sulphonamide cream were ineffective.,Triple sulfonamide cream was less effective compared with clindamycin. Hydrogen peroxide douche was not as effective as a single 2 g dose of metronidazole yet caused more harms.,Using a hydrogen peroxide solution as a vaginal rinse and applying a cream with three strong antibiotics did not work.
CD006055,12,rephrase,"Metronidazole caused metallic taste, nausea and vomiting.","Adverse effects of metronidazole include metallic taste, and nausea and vomiting.","The antibiotic metronidazole can cause a bad taste in your mouth, make you feel queasy, and lead to vomiting."
CD011384,0,ignore,We included 84 RCTs with 8234 participants in this review.,We included 84 RCTs with 8234 participants in this review.,"We looked at 84 studies involving a total of over 8,200 people."
CD011384,1,rephrase,Six trials (N = 658) did not report any of the outcomes of interest for this review.,Six trials (658 participants) did not report any of the outcomes of interest for this review.,None of the six studies provided the results we were looking for.
CD011384,2,rephrase,The remaining 78 trials excluded 210 participants after randomisation.,"In the remaining 78 trials, 210 participants were excluded after randomisation.","After randomly selecting participants, 210 people were left out of a total of 78 studies."
CD011384,3,ignore,"Thus, a total of 7366 participants in 78 trials contributed to one or more outcomes for this review.","Thus, a total of 7366 participants in 78 trials contributed to one or more outcomes for this review.","A total of nearly 7,400 people from 78 different studies helped provide information for this review."
CD011384,5,rephrase,"Apart from the comparison of antibiotics versus control, which included a large proportion of participants with necrotising pancreatitis, the remaining comparisons had only a small proportion of patients with this condition.","Apart from the comparison of whether antibiotics should be used, the other comparisons included only a small percentage of people with pancreatic necrosis (an extremely severe form of pancreatitis, which results in pancreatic destruction).","The study compared different treatments to see how well they worked for people with severe pancreas inflammation, but most of the time these other treatments were tested on people without this serious condition."
CD011384,6,rephrase,Most trials included either only participants with severe acute pancreatitis or included a mixture of participants with mild acute pancreatitis and severe acute pancreatitis (75 trials).,Most trials included only the severe form of acute pancreatitis or included both mild and severe forms of pancreatitis.,"Most studies involved people who were very sick with pancreatitis, or a mix of those who were mildly sick and those who were very sick."
CD011384,7,rephrase,"Overall, the risk of bias in trials was unclear or high for all but one of the trials.","The overall quality of evidence was low for all the measures because the trials were at unclear or high risk of bias (a systematic error or deviation from the truth that affects the results, favouring one treatment over another) and were small trials.","Most of these studies had a problem with biased results, making it hard to trust their findings."
CD011384,8,ignore,Source of funding: seven trials were not funded or funded by agencies without vested interest in results.,Source of funding: seven trials were not funded or were funded by agencies without vested interest in results.,The source of money for these studies came from places with no connection to the outcome.
CD011384,9,rephrase,Pharmaceutical companies partially or fully funded 21 trials.,Twenty-one trials were partly or fully funded by pharmaceutical companies.,Some pharmaceutical companies paid for all or part of 21 medical studies.
CD011384,10,ignore,The source of funding was not available from the remaining trials.,The source of funding was not available from the remaining trials.,We couldn't find out who paid for the research because some of the studies didn't provide that information.
CD011384,12,ignore,Sixty-seven studies including 6638 participants reported short-term mortality.,Sixty-seven studies including 6638 participants reported short-term deaths.,"Seventy studies involving over 6,600 people found a link between certain factors and higher death rates within a short period of time."
CD011384,13,rephrase,There was no evidence of any differences in short-term mortality in any of the comparisons (very low-quality evidence).,There was no evidence that any of the treatments decreased short-term deaths.,We didn't find any difference in how many people died within a short period of time when comparing different groups.
CD011384,18,ignore,None of the trials reported heath-related quality of life.,None of the trials reported health-related quality of life.,The studies didn't measure how well patients' health and daily lives were affected by the treatment.
CD011384,19,rephrase,Very low-quality evidence suggests that none of the pharmacological treatments studied decrease short-term mortality in people with acute pancreatitis.,"In conclusion, based on low quality evidence, there is no evidence that any drug treatment added on to supportive care decreases short-term deaths.",There's not enough good evidence to show that any medicines can lower the number of deaths in people who have a sudden and severe case of pancreatitis.
CD012019,0,rephrase,"We included eight studies involving 646 participants, most of which were of poor methodological quality.",We included eight studies involving 646 participants.,"We looked at eight research studies with a total of 646 people involved, but many of them had flaws in their design and methods."
CD012019,2,split,"Five studies evaluated the diagnostic performance of four urinary biomarkers for endometriosis, including three biomarkers distinguishing women with and without endometriosis (enolase 1 (NNE); vitamin D binding protein (VDBP); and urinary peptide profiling); and one biomarker (cytokeratin 19 (CK 19)) showing no significant difference between the two groups.","All studies evaluated reproductive-aged women who were undertaking diagnostic surgery to investigate symptoms of endometriosis or for other indications. Five studies evaluated the diagnostic accuracy of four urinary biomarkers, including four biomarkers that were expressed differently in women with and without endometriosis and one showing no difference between the two groups.","Researchers studied four substances in urine that can help diagnose endometriosis. Three of these substances were better at telling apart women with endometriosis from those without it, while one substance didn't show a clear difference."
CD012019,3,rephrase,All of these biomarkers were assessed in small individual studies and could not be statistically evaluated in a meaningful way.,"Generally, the reports were of low methodological quality and urine tests were only assessed in small individual studies.","These biomarkers were tested separately in small groups, but their results can't be compared to each other reliably."
CD012019,4,rephrase,None of the biomarkers met the criteria for a replacement test or a triage test.,None of the tests were accurate enough to replace diagnostic surgery.,The researchers couldn't find any good indicators to use as a quick test to diagnose or sort patients.
CD012019,5,rephrase,Three studies evaluated three biomarkers that did not differentiate women with endometriosis from disease-free controls.,Three other studies just identified three biomarkers that did not distinguish the two groups.,"Three studies looked at three signs of a problem, but they couldn't tell if these signs were different for women who had endometriosis compared to women who didn't have it."
CD013603,0,rephrase,The review included 184 studies for analysis based on 191 included papers.,We included 184 studies.,"The review looked at data from 184 research projects, which were based on a total of 191 published studies."
CD013603,3,rephrase,"Studies covered 37 countries, with close to an even split in the proportions of high-income countries (HICs) and low- and middle-income countries (LMICs).",The studies were from 37 countries.,"The study looked at data from 37 different countries, with about half being rich countries and the other half being poorer ones."
CD013603,8,split,"The review identified six different configurations of health service streams that were being integrated and these were categorised as: mental and behavioural health; HIV, tuberculosis (TB) and sexual reproductive health; maternal, women, and child health; non-communicable diseases; and two broader categories, namely general PHC services, and allied and specialised services.","There were different configurations for which healthcare service programmes were being combined for integrated service delivery. These were categorised into the following six configurations: mental health; HIV, tuberculosis, and sexual reproductive health; maternal, woman, and child health; non-communicable diseases (for example, heart disease, diabetes); general primary health integration, and allied and specialised services.","The review found six different ways that healthcare services were being combined, including mental health, HIV/AIDS treatment, women's health, and care for people with chronic illnesses."
CD013603,9,rephrase,"Within the health streams, the review mapped the scope of the interventions as full or partial integration.","The studies we found in our review covered a variety of settings, participants, and types of primary healthcare integration.",The study looked at how much healthcare programs were being fully or partially incorporated into existing systems.
CD013603,11,rephrase,"The wide range of healthcare workers who participated in the implementation of integration interventions was mapped and these included policymakers, senior managers, middle and frontline managers, clinicians, allied healthcare professionals, lay healthcare workers, and health system support staff.","The people participating in the implementation of integration interventions included policymakers, senior managers, middle and frontline managers, clinicians, allied healthcare professionals, lay health workers, and health system support staff.","Healthcare workers from many different roles were involved in implementing new ways to work together, including doctors, nurses, managers, and people who help patients at home."
CD013603,12,rephrase,We mapped the range of client target populations.,"We described the different study methods, countries, the scope and type of primary healthcare integration approaches, and the different types of healthcare workers and client groups involved.","Here's a rewritten version of the sentence: ""We identified the groups of people who are most likely to benefit from our services."""
CD013603,13,rephrase,"This scoping review provides a systematic, descriptive overview of the heterogeneity in qualitative literature on healthcare workers' perceptions and experience of PHC integration, pointing to diversity with regard to country settings; study types; client populations; healthcare worker populations; and intervention focus, scope, and strategies.",This scoping review shows the variety of primary healthcare integration approaches that have been studied.,"This review looks at how different countries and studies describe the challenges and benefits of integrating healthcare services, showing that there's a lot of variation in what works and where."
CD013603,14,rephrase,"It would be important for researchers and decision-makers to understand how the diversity in PHC integration intervention design, implementation, and context may influence how healthcare workers shape PHC integration impact.","Researchers and decision-makers need to understand the relationship between different integration approaches and contexts, and the ways in which healthcare workers influence the impacts of this integration.","Researchers and policymakers need to know how different approaches to integrating primary healthcare services are affected by various factors, such as how they're designed, implemented, and where they take place."
CD013603,15,rephrase,"The classification of studies on the various dimensions (e.g. integration focus, scope, strategy, and type of healthcare workers and client populations) can help researchers to navigate the way the literature varies and for specifying potential questions for future qualitative evidence syntheses.",The study categories we have developed can help researchers to understand these different types of integration approaches and to identify more focused questions for future systematic reviews.,Understanding how different studies are categorized can help researchers make sense of the varying types of research in this field and identify areas where more study is needed.
CD010261,0,rephrase,"We included three randomised trials that evaluated intramedullary nailing versus plating in 213 participants, with useable data from 173 participants of whom 112 were male.",We found three RCTs involving 213 adults (with results available from 173) that compared nailing versus plating for treating distal tibial fractures.,"We looked at the results of three studies that compared two different treatments for broken bones - one used a rod inserted into the bone and the other used metal plates. We had data from 173 people who took part, with 112 of them being men."
CD010261,2,rephrase,There were no trials comparing surgery with non-surgical treatment.,We found no trials comparing surgery with non-surgical treatment.,No studies have compared surgical procedures to other treatments.
CD010261,4,rephrase,"Overall, the quality of available evidence was rated as very low for all outcomes, meaning that we are very unsure about the estimates for all outcomes.","We therefore judged the overall quality of evidence to be very low, which means that we are very unsure of these results.",We don't have enough good-quality information to be confident in our predictions for any of these results.
CD010261,10,rephrase,"Overall, there is either no or insufficient evidence to draw definitive conclusions on the use of surgery or the best surgical intervention for distal tibial metaphyseal fractures in adults.","Overall, the evidence is of very low quality and is insufficient to draw definite conclusions about the best method of surgery, including nailing versus plating, for treating breaks of the lower end of the shin bone in adults.",There isn't enough research to say for sure whether surgery is helpful and what kind of surgery works best for broken bones near the ankle in adults.
CD010261,11,rephrase,"The available evidence, which is of very low quality, found no clinically important differences in function or pain, and did not confirm a difference in the need for re-operation or risk of complications between nailing and plating.","We found no clear differences between the nailing and plating groups in terms of patient-reported functional outcomes, re-operations for adverse outcomes, troublesome non-healing of the bone or deformity, pain, wound problems such as infection, or the numbers of individuals with healed fractures.",Most studies show that there's little to no difference in how well patients recover or experience pain when using nails versus plates to fix broken bones.
CD010261,12,rephrase,The addition of evidence from two ongoing trials of nailing versus plating should inform this question in future updates.,Future updates of this review are likely to include evidence from currently ongoing research comparing nailing versus plating.,We should consider new results from two current studies comparing nailing and plating when we update our information on this topic.
CD010261,13,rephrase,"Further randomised trials are warranted on other issues, but should be preceded by research to identify priority questions.","Although other RCTs are needed to address key clinical questions on surgical methods for treating these fractures, these studies should be preceded by research to determine which questions should be prioritised.","More studies are needed to answer some of these questions, and before we do those studies, we need to figure out which ones are the most important."
CD005490,0,ignore,"Two randomised controlled trials were identified, both were conducted in patients with yellow oleander poisoning.",Two randomised controlled trials were identified; both were conducted in patients with yellow oleander poisoning.,"Two studies were found, and they involved people who had been poisoned by a plant called yellow oleander."
CD005490,1,ignore,"One trial investigated the effect of MDAC on mortality, the relative risk (RR) was 0.31 (95% confidence interval (CI) 0.12 to 0.83) indicating a beneficial effect.","One trial investigated the effect of MDAC on mortality, the relative risk (RR) was 0.31 (95% confidence interval (CI) 0.12 to 0.83) indicating a beneficial effect.","Researchers tested whether using MDAC reduced deaths, and they found that it did, with people being about 69% less likely to die when treated with MDAC."
CD005490,2,ignore,The second study found a beneficial effect of anti-digoxin Fab antitoxin on the presence of cardiac dysrhythmias at two hours post-administration; the RR was 0.60 (95% CI 0.44 to 0.81).,The second study found a beneficial effect of anti-digoxin Fab antitoxin on the presence of cardiac dysrhythmias at two hours post-administration; the RR was 0.60 (95% CI 0.44 to 0.81).,"A recent study showed that a special antidote called anti-digoxin Fab helped reduce irregular heartbeats in people who had taken too much digoxin, and this effect lasted for at least two hours after treatment."
CD005490,3,ignore,Other benefits were also noted in both studies and serious adverse effects were minimal.,Other benefits were also noted in both studies and serious adverse effects were minimal.,"Both studies found some good results, but there weren't many bad side effects."
CD005490,4,ignore,Studies assessing the effect of antidotes on other cardenolides were not identified.,Studies assessing the effect of antidotes on other cardenolides were not identified.,Researchers couldn't find any studies about how antidotes work against other types of heart medicines.
CD005490,5,ignore,One ongoing study investigating the activated charcoal for acute yellow oleander self-poisoning was also identified.,One ongoing study investigating the activated charcoal for acute yellow oleander self-poisoning was also identified.,Researchers are currently studying whether activated charcoal can help people who have accidentally poisoned themselves with a toxic plant called yellow oleander.
CD005490,6,ignore,There is some evidence to suggest that MDAC and anti-digoxin Fab antitoxin may be effective treatments for yellow oleander poisoning.,There is some evidence to suggest that MDAC and anti-digoxin Fab antitoxin may be effective treatments for yellow oleander poisoning.,"Researchers have found that two specific medicines, MDAC and a special antidote called anti-digoxin Fab, might help treat people who have been poisoned by the yellow oleander plant."
CD005490,7,ignore,"However, the efficacy and indications of these interventions for the treatment of acute digitalis poisoning is uncertain due to the lack of good quality controlled clinical trials.","However, the efficacy and indications of these interventions for the treatment of acute digitalis poisoning is uncertain due to the lack of good quality controlled clinical trials.",The effectiveness of treatments for sudden digitalis overdose is unclear because there haven't been enough well-designed studies.
CD005490,8,ignore,"Given pharmacokinetic differences between individual cardenolides, the effect of antidotes administered to patients with yellow oleander poisoning cannot be readily translated to those of other cardenolides.","Given pharmacokinetic differences between individual cardenolides, the effect of antidotes administered to patients with yellow oleander poisoning cannot be readily translated to those of other cardenolides.","Because different types of heart medicines in yellow oleander can affect people's bodies differently, it's hard to know if a treatment that works for one type will work for another."
CD005490,9,ignore,Unfortunately cost limits the use of antidotes such as anti-digoxin Fab antitoxin in developing countries where cardenolide poisonings are frequent.,Unfortunately cost limits the use of antidotes such as anti-digoxin Fab antitoxin in developing countries where cardenolide poisonings are frequent.,"In many poor countries, people can't afford a special medicine that helps when someone is poisoned by certain heart medicines."
CD005490,10,ignore,More research is required using relatively cheap antidotes which may also be effective.,More research is required using relatively cheap antidotes which may also be effective.,We need more studies on cheaper treatments that might actually work.
CD007037,0,rephrase,We identified four new studies for the review update; the review now includes seven studies with 420 participants.,"Seven studies, with a total of 420 children were included in the review.","We added four more studies to our review, bringing the total number of studies to seven and involving a total of 420 people."
CD007037,1,rephrase,"Four small studies with 20 to 30 children each, and two larger studies of 80 children each, showed an improvement of congestive heart failure with beta-blocker therapy.","Beta-blocker therapy improved heart failure in four small studies with less than 30 participants each, and two larger studies with 80 participants each.",Small studies involving 20-30 children each and bigger studies with 80 children each found that a certain type of medicine helped kids with a serious heart condition.
CD007037,2,rephrase,A larger study with 161 participants showed no evidence of benefit over placebo in a composite measure of heart failure outcomes.,"However, the largest trial, with 161 participants, did not show a significant effect of the investigated beta-blocker over placebo.","A bigger group of people, consisting of 161 individuals, found that taking a treatment did not help them any more than a dummy pill when it came to preventing or managing heart problems."
CD007037,4,rephrase,"No significant adverse events were reported with beta-blockers, apart from one episode of complete heart block.","None of the studies reported any severe beta-blocker-related adverse events, apart from one child who had a heart rhythm disturbance.","There were no serious problems caused by beta-blockers, except for a brief period when someone's heartbeat stopped completely."
CD007037,8,rephrase,"There is not enough evidence to support or discourage the use of beta-blockers in children with congestive heart failure, or to propose a paediatric dosing scheme.",There were not enough data to recommend or discourage the use of beta-blockers in children with congestive heart failure.,"We don't have enough information to know if beta-blockers are helpful or harmful for kids with heart problems, and we can't suggest how much medicine they should take."
CD007037,9,rephrase,"However, the sparse data available suggested that children with congestive heart failure might benefit from beta-blocker treatment.","However, the current available data suggest that children with heart failure might benefit from beta-blocker treatment.",Children with a serious heart condition may get better if they take medicine called beta-blockers.
CD003626,0,rephrase,Eight trials evaluated ursodeoxycholic acid versus placebo or no intervention (592 patients).,One trial assessed the self-estimated quality of life of patients with primary sclerosing cholangitis treated with ursodeoxycholic acid.,"Eight studies compared a medication called ursodeoxycholic acid to either a dummy treatment or doing nothing, involving a total of 592 participants."
CD003626,1,rephrase,The eight randomised clinical trials have a high risk of bias.,"Based on eight randomised clinical trials of high risk of bias, the administration of ursodeoxycholic acid to patients with primary sclerosing cholangitis did not significantly reduce mortality, hepatic decompensation, need for liver transplantation, liver histological deterioration, or radiological deterioration compared with placebo or no intervention.","These 8 studies may be biased, which means their results might not be entirely trustworthy."
CD003626,3,rephrase,The dosage of ursodeoxycholic acid used in the trials ranged from low (10 mg/kg body weight/day) to high (28 to 30 mg/kg body weight/day).,The use of ursodeoxycholic acid showed a statistically significant improvement of liver biochemistry.,"The amount of a certain medicine, called ursodeoxycholic acid, given to patients in the studies varied greatly, from a small dose to a larger one."
CD003626,6,rephrase,Ursodeoxycholic acid was safe and well tolerated by patients with primary sclerosing cholangitis.,"Based on an analysis of six of the eight included trials, the use of ursodeoxycholic acid seemed safe and well tolerated, without reports of serious adverse events.",A medicine called ursodeoxycholic acid did not harm and was easy for people with a condition called primary sclerosing cholangitis to take.
CD003626,7,split,We did not find enough evidence to support or refute the use of bile acids in the treatment of primary sclerosing cholangitis.,"We were unable to identify trials evaluating other bile acids for patients with primary sclerosing cholangitis. Accordingly, the evidence does neither support nor refute bile acids for primary sclerosing cholangitis.",We couldn't find enough research to prove whether using bile acids helps treat a condition called primary sclerosing cholangitis.
CD012216,0,split,"We included three studies, two of which evaluated the progression from MCI to ADD, and one evaluated the progression from MCI to any form of dementia.",We found three studies including 453 participants with MCI. Two studies evaluated the progression from MCI to ADD and one study evaluated the progression from MCI to any form of dementia.,"We looked at three research studies. Two of these studies followed people with mild cognitive impairment (MCI) as they developed Alzheimer's disease (ADD), while the third study tracked how many of them went on to develop other types of dementia."
CD012216,1,rephrase,Progression from MCI to ADD was evaluated in 448 participants.,"Regarding the two studies that evaluated the progression from MCI to ADD, one study had 401 participants with a follow-up of 1.6 years and the mean age was 72 years.",The study looked at how 448 people with mild memory problems progressed to developing full-blown Alzheimer's disease.
CD012216,2,rephrase,The studies reported data on 401 participants with 1.6 years of follow-up and in 47 participants with three years of follow-up.,"The other study had 47 participants with a follow-up of three years, and the mean age was 72 years.","Researchers studied a group of 401 people over an average of about two years, and also looked at a smaller group of 47 people who were followed for three years."
CD012216,6,rephrase,"Regarding the domain of flow and timing, two studies were considered at high risk of bias.",The studies were considered to be at high risk of bias due to potential conflicts of interest detected.,Two studies about how fluids move through the body had a high chance of being flawed.
CD012216,7,rephrase,"MCI to ADD;
Progression from MCI to ADD in those with a follow-up between two to less than four years had a sensitivity of 67% (95% CI 30 to 93) and a specificity of 71% (95% CI 54 to 85) by visual assessment (n = 47, 1 study).","In the study that followed up people for three years and used visual assessment, the scan correctly classified 67% of people who progressed to ADD and 71% who did not progress to ADD.","People with mild cognitive impairment are at risk of developing Alzheimer's disease. Note: I replaced ""MCI"" with ""mild cognitive impairment"", and ""ADD"" with ""Alzheimer's disease"". I also removed the statistical details to preserve the original meaning while making it clear for a general audience."
CD012216,8,rephrase,"Progression from MCI to ADD in those with a follow-up between one to less than two years had a sensitivity of 89% (95% CI 78 to 95) and a specificity of 58% (95% CI 53 to 64) by visual assessment, and a sensitivity of 87% (95% CI 76 to 94) and a specificity of 51% (95% CI 45 to 56) by quantitative assessment by the standardised uptake value ratio (SUVR)(n = 401, 1 study).","At a follow-up of 1.6 years, using visual assessment, the scan correctly classified 89% of the participants who progressed to ADD but only 58% of the participants who did not progress to ADD.","When people with mild memory problems are followed up for one to two years, doctors can accurately predict who will develop more serious Alzheimer's disease about 89% of the time just by looking at them."
CD012216,10,rephrase,"MCI to any other forms of dementia (non-ADD);
There was no information regarding the progression from MCI to any other form of dementia (non-ADD).","Regarding progression to any form of dementia, the extremely small number of participants meant that we were unable to provide meaningful estimates of accuracy.","People with mild cognitive impairment are at risk of developing other types of dementia, but we don't know how likely it is for them to progress to these conditions."
CD012216,11,rephrase,"Although sensitivity was good in one included study, considering the poor specificity and the limited data available in the literature, we cannot recommend routine use of 18F-florbetapir PET in clinical practice to predict the progression from MCI to ADD.",We conclude that 18F-florbetapir PET scans cannot be recommended for routine use in clinical practice to predict the progression from MCI to ADD or any form of dementia based on the currently available data.,"Even though one study showed that a certain test was good at detecting problems, because it's not very accurate and there isn't much evidence, we can't recommend using this test regularly in doctors' offices to predict when someone with mild memory loss will develop full-blown Alzheimer's disease."
CD003150,0,split,We included 13 studies with 708 participants.,We found 13 studies to include in the review. There were 708 participants in total.,We looked at 13 research projects involving a total of 708 people.
CD003150,1,rephrase,"All participants had dementia and in the 12 trials which described the setting, all were resident in institutional care facilities.",All had dementia and were living in care homes.,"""All of the people involved in these studies had dementia and lived in nursing homes."""
CD003150,3,rephrase,"The fragrances used were lavender (eight studies); lemon balm (four studies); lavender and lemon balm, lavender and orange, and cedar extracts (one study each).","Studies also used lemon balm, orange and cedar extracts.","Researchers tested three different scents: lavender, which was used in eight studies; lemon balm, which was used in four studies; and a few other combinations of scents, including lavender and lemon balm, that were each tested once."
CD003150,7,rephrase,Ten trials assessed agitation using various scales.,"Ten studies assessed agitation, but five did not report data we could use or our confidence in their results was very low.",Researchers looked at 10 studies to see how well different methods measured agitation.
CD003150,8,rephrase,"Among the five trials for which our confidence in the results was moderate or low, four trials reported no significant effect on agitation and one trial reported a significant benefit of aromatherapy.",We had moderate or low confidence in the results of the other five: four reported no significant effect of aromatherapy and one reported a significant benefit.,"Out of five studies with uncertain results, four found that aromatherapy didn't help reduce agitation, but one study showed it actually helped."
CD003150,11,rephrase,"Of these, four reported significant benefit from aromatherapy and one reported no significant effect.","Of the other five, for which our confidence was moderate or low, four reported a significant benefit from aromatherapy and one reported no significant effect.","Four people said they got some help from using essential oils, but one person didn't notice any difference."
CD003150,12,rephrase,Adverse events were poorly reported or not reported at all in most trials.,Side effects of treatment were either poorly reported or not reported at all.,Many medical studies didn't mention problems that happened to patients during the trial.
CD003150,13,rephrase,"No more than two trials assessed each of our secondary outcomes of quality of life, mood, sleep, activities of daily living, caregiver burden.","No more than three studies reported our secondary outcomes which were quality of life, cognition (thinking), mood, sleep, activities of daily living, and caregiver burden.","Only a few studies looked at how well patients were doing in terms of their overall health, happiness, and ability to take care of themselves."
CD003150,14,rephrase,We did not find evidence of benefit on these outcomes.,We found no evidence that aromatherapy was helpful for any of these outcomes.,There was no proof that this treatment made a difference.
CD003150,17,split,We have not found any convincing evidence that aromatherapy (or exposure to fragrant plant oils) is beneficial for people with dementia although there are many limitations to the data.,"We have found no convincing evidence that aromatherapy is beneficial for people with dementia although there are many limitations to the data reported by the studies so conclusions cannot be drawn with confidence. In order to determine whether aromatherapy is safe and effective at relieving symptoms of dementia, larger, well-designed studies with clearer reporting are needed.","There's no strong proof that using scented oils helps people with Alzheimer's disease, and the existing research has some major flaws."
CD003150,19,rephrase,Results from the other studies were inconsistent.,Results of different studies did not agree with one another.,The findings from those other studies didn't agree with each other.
CD003150,20,rephrase,Harms were very poorly reported in the included studies.,Many of the studies were poorly reported and some did not report any data we could use.,The problems or side effects of a treatment were rarely mentioned in the studies we looked at.
CD006991,0,rephrase,Four studies (231 participants randomised) are included in the review.,"Four randomised controlled trials, involving a total of 231 patients with chronic rhinosinusitis with nasal polyps, are included in this review.","Four research studies, which involved a total of 231 people, were used to inform this review."
CD006991,2,rephrase,The studies compared different types of surgery versus various types and doses of systemic and topical steroids and antibiotics.,In all studies the patients were randomly assigned to either surgery or medical treatment (such as antibiotics or steroid tablets or injections) in addition to topical steroids given as nasal sprays or drops.,"Researchers compared different surgical methods to treatments using medicines applied directly to the skin or taken by mouth, including steroids and antibiotics."
CD006991,8,split,"Primary outcomes: symptom scores and quality of life scores
There were no important differences between groups in either the patient-reported disease-specific symptom scores or the health-related quality of life scores.","The main outcome measures were patient-reported disease-specific symptom scores and health-related quality of life scores, as well as generic health-related quality of life scores. There were no important differences between groups in either the patient-reported disease-specific symptom scores or the health-related quality of life scores.",The patients' symptoms and how well they could function in daily life didn't significantly improve with treatment.
CD006991,9,ignore,"Two studies (one comparing ESS plus topical steroid versus antibiotics plus high-dose topical steroid, the other ESS versus systemic steroids) failed to find a difference in generic health-related quality of life scores.","Two studies (one comparing ESS plus topical steroid versus antibiotics plus high-dose topical steroid, the other ESS versus systemic steroids) did not find a difference in general health-related quality of life scores.",Two studies found that people who had a certain treatment for skin problems didn't have any better overall well-being than those who received different treatments.
CD006991,11,rephrase,"Endoscopic scores and other secondary outcomes
Two studies reported endoscopic scores.",Two studies reported changes in polyp size (when looked at with an endoscope) using a score.,Doctors looked at how well a treatment worked by examining patients' digestive systems with a special camera.
CD006991,12,rephrase,"One study (ESS versus systemic steroids) reported a large, significant effect size in the surgical group, with a mean difference (MD) in score of -1.5 (95% confidence interval (CI) -1.78 to -1.22, n = 95) on a scale of 0 to 3 (0 = no polyposis, 3 = severe polyposis).",One study (ESS versus systemic steroids) reported a significantly better score in the surgery group than in the steroids group at 12 months.,"One study compared two treatments and found that the surgical treatment was significantly more effective in reducing polyp growth, with an average improvement of 1.5 points on a scale from 0 to 3, where 0 means no polyps and 3 means severe polyp growth."
CD006991,13,rephrase,"In the other study (ESS plus topical steroid versus antibiotics plus high-dose topical steroid) no difference was found between the groups (MD 2.3%, 95% CI -17.4% to 12.8%, n = 34).",In the other study (ESS plus topical steroid versus antibiotics plus high-dose topical steroid) no difference was found between the groups.,"The researchers compared two treatments, but they didn't find a significant difference in how well they worked for patients with eczema-like skin symptoms."
CD006991,15,rephrase,No differences were found for any objective measurements or olfactory tests in those studies in which they were measured.,There were no reported differences between the different medical and surgical treatment groups in any study for any other objective (clinician-based) measurements.,There was no difference found in how people smelled or reacted to smells in these studies.
CD006991,18,rephrase,The evidence relating to the effectiveness of different types of surgery versus medical treatment for adults with chronic rhinosinusitis with nasal polyps is of very low quality.,"In addition, some of the treatment regimens used in the trials are no longer current standards of therapy for patients with chronic rhinosinusitis with nasal polyps.",There's not enough good research to know if surgery or medicine works better for people with a long-term nose and sinus problem who also have growths in their nose.
CD006991,19,ignore,The evidence does not show that one treatment is better than another in terms of patient-reported symptom scores and quality of life measurements.,The evidence does not show that one treatment is better than another in terms of patient-reported symptom scores and quality of life measurements.,There's no clear proof that one treatment works any better than another when it comes to how patients feel and their overall well-being.
CD006991,20,ignore,"The one positive finding from amongst the several studies examining a number of different comparisons must be treated with appropriate caution, in particular when the clinical significance of the measure is uncertain.","One positive finding (polyps size scores) from amongst the several studies examining a number of different comparisons must be treated with appropriate caution, in particular when the clinical significance of the measure is uncertain.","When a study finds something that might be important, but it's not clear what it really means for patients, we need to be careful and not jump to conclusions."
CD006991,21,rephrase,"As the overall evidence is of very low quality (serious methodological limitations, reporting bias, indirectness and imprecision) and insufficient to draw firm conclusions, further research to investigate this problem, which has significant implications for quality of life and healthcare service usage, is justified.",Further research to investigate this problem is justified.,More studies are needed to understand the issue because current evidence is not reliable due to flaws in its design and reporting.
CD007720,0,rephrase,"We included 17 RCTs comprising a total of 2264 participants; 13 RCTs included 1954 adult participants, and four RCTs included 310 children.",We included 17 studies evaluating systemic corticosteroid therapy (given intravenously or by tablets) for people with pneumonia (2264 participants; 1954 adults and 310 children).,"We looked at 17 studies involving a total of 2264 people. Thirteen of these studies involved adults, while four were focused on children."
CD007720,1,rephrase,"This update included 12 new studies, excluded one previously included study, and excluded five new trials.",We included 12 new studies in this update and excluded one previously included study.,"The update added 12 new research studies, removed one old study, and left out five new experiments."
CD007720,3,rephrase,"All trials limited inclusion to inpatients with community-acquired pneumonia (CAP), with or without healthcare-associated pneumonia (HCAP).",All included studies evaluated people who had acquired pneumonia in the community (community-acquired pneumonia (CAP)) being treated in the hospital; no studies assessed people who had developed pneumonia while in hospital or who were on breathing machines (mechanically ventilated).,"People who were already in the hospital and had caught pneumonia from their community, rather than getting it while they were being treated for something else, were included in all of these studies."
CD007720,8,split,"Early clinical failure rates (defined as death from any cause, radiographic progression, or clinical instability at day 5 to 8) were significantly reduced with corticosteroids in people with severe and non-severe pneumonia (RR 0.32, 95% CI 0.15 to 0.7; and RR 0.68, 95% CI 0.56 to 0.83, respectively; high-quality evidence).","For the outcomes of death and clinical failure in adults, we graded the quality of the evidence as moderate. For the outcomes of clinical failure in people with severe CAP, non-severe CAP, and in children, we graded the quality of the evidence as high.",People with severe or mild pneumonia who took corticosteroids were much less likely to get worse quickly or die from their illness within the first week compared to those who didn't take them.
CD007720,9,rephrase,"Corstocosteroids reduced time to clinical cure, length of hospital and intensive care unit stays, development of respiratory failure or shock not present at pneumonia onset, and rates of pneumonia complications.","People with CAP treated with corticosteroids had lower clinical failure rates (death, worsening of imaging studies, or no clinical improvement), shorter time to cure, a shorter hospital stay, and fewer complications.","Using corticosteroids helped patients recover faster from pneumonia, spent less time in the hospital and ICU, and had fewer serious complications such as respiratory problems or shock."
CD007720,10,rephrase,"Among children with bacterial pneumonia, corticosteroids reduced early clinical failure rates (defined as for adults, RR 0.41, 95% CI 0.24 to 0.70; high-quality evidence) based on two small, clinically heterogeneous trials, and reduced time to clinical cure.","We found good-quality evidence that corticosteroids reduced clinical failure rates in children with pneumonia, but the data were based on a small number of children with different types of pneumonia.","For children with bacterial pneumonia, corticosteroids helped prevent serious complications and sped up recovery by reducing the number of cases where treatment didn't work early on."
CD007720,13,split,Corticosteroid therapy reduced mortality and morbidity in adults with severe CAP; the number needed to treat for an additional beneficial outcome was 18 patients (95% CI 12 to 49) to prevent one death.,"Corticosteroids reduced deaths in adults with severe CAP, but not in people with non-severe CAP. Eighteen adults with severe CAP need to be treated with corticosteroids to prevent one death.",Giving people with severe pneumonia a steroid treatment helped them live longer and feel better. It takes treating about 18 more people to save just one life.
CD007720,14,rephrase,"Corticosteroid therapy reduced morbidity, but not mortality, for adults and children with non-severe CAP.","People with non-severe CAP may also benefit from corticosteroid therapy, but with no survival advantage.","Using a certain type of medicine called corticosteroids can help people who have a mild case of pneumonia feel better, but it doesn't affect how likely they are to die from the illness."
CD007720,15,rephrase,"Corticosteroid therapy was associated with more adverse events, especially hyperglycaemia, but the harms did not seem to outweigh the benefits.",Corticosteroid treatment was not associated with increased rates of other serious adverse events.,"Taking steroids for a medical condition can lead to some serious side effects, like high blood sugar, but in most cases these risks are still worth taking."
CD007641,2,split,The trials compared four different self-management education interventions versus standard treatment: (1) a training programme for managing cystic fibrosis in general; (2) education specific to aerosol and airway clearance treatments; (3) disease-specific nutrition education; and (4) general and disease-specific nutrition education.,"Our search for available evidence identified four trials, and all four compared a form of self-management education to standard treatment. The precise focus of self management differed between trials and included a training programme for managing cystic fibrosis, education on chest treatments, education on nutrition specific to cystic fibrosis, and education on general and disease-specific nutrition.","Researchers compared four different ways of teaching people with cystic fibrosis how to manage their condition, including training on breathing techniques, nutrition advice tailored to the disease, and overall healthy eating habits."
CD007641,5,rephrase,There is some limited evidence to suggest that self-management education may improve knowledge in patients with cystic fibrosis but not in parents or caregivers.,We set out to review the effects of self-management education for cystic fibrosis on a range of health outcomes in individuals of all ages with cystic fibrosis and their caregivers.,"People with cystic fibrosis might learn more about their condition by taking care of themselves, but it doesn't seem to help parents and caregivers understand the disease better."
CD007641,6,rephrase,There is also some limited evidence to suggest that self-management education may result in positively changing a small number of behaviours in both patients and caregivers.,There is some evidence to suggest that self-management education improves knowledge about cystic fibrosis and its management in patients with this condition and some self-management behaviours in patients and caregivers.,Some studies show that teaching people with health conditions and their family members how to take care of themselves can help them change a few healthy habits.
CD007641,7,rephrase,The available evidence from this review is of insufficient quantity and quality to draw any firm conclusions about the effects of self-management education for cystic fibrosis.,"However, due to the small number of trials in this review, and because of concerns about the quality of these trials, we are unable to reach any firm conclusions about the effects of self-management education for cystic fibrosis.",There isn't enough good-quality research on whether self-management education helps people with cystic fibrosis.
CD007641,8,rephrase,"Further trials are needed to investigate the effects of self-management education on a range of clinical and behavioural outcomes in children, adolescents and adults with cystic fibrosis and their caregivers.",We recommend that further trials are conducted to evaluate the effects of self-management education interventions.,More studies are required to understand how teaching people with cystic fibrosis and their families to manage their condition affects their health and well-being.
CD007795,0,rephrase,"One trial, which involved 38,546 subjects and compared vaccination with placebo, met our inclusion criteria.","We identified a single high quality trial with a total of 38,546 participants, comparing vaccination with placebo.","One study involving nearly 39,000 people was chosen for further analysis because it compared a vaccine to a dummy treatment."
CD007795,3,rephrase,"The vaccine was effective in decreasing the incidence of herpes zoster, but there was no evidence that it had efficacy in reducing the incidence of postherpetic neuralgia beyond its effect on the incidence of herpes zoster.","It found a significant reduction of herpes zoster, but did not provide enough direct evidence to draw any conclusion about whether the vaccine is effective in preventing postherpetic neuralgia beyond its effect on reducing herpes zoster.","The vaccine helped prevent shingles, but it didn't seem to make a difference in how often people got nerve pain after having shingles."
CD007795,6,rephrase,"There is insufficient direct evidence from specialised trials to prove the efficacy of vaccine for preventing postherpetic neuralgia beyond its effect on reducing herpes zoster, although vaccination may be efficacious and safe for preventing herpes zoster and thus reduce the incidence of postherpetic neuralgia in adults aged 60 years or older.",More well designed and specialised trials of vaccination for preventing postherpetic neuralgia are required.,"There isn't enough evidence to show that a vaccine can prevent a painful nerve condition called postherpetic neuralgia, but it does help prevent another related condition called herpes zoster, which can reduce the risk of getting postherpetic neuralgia in people over 60."
CD009577,0,rephrase,We included six RCTs with a total of 3753 participants and we graded the quality of the included studies as moderate.,We included six randomised controlled trials comparing weekly versus daily FSH in 3753 women undertaking controlled ovarian stimulation as part of an IVF/ICSI cycle.,"We looked at six medical studies involving a total of nearly 4,000 people, and judged their quality to be average."
CD009577,1,rephrase,All studies included women with an indication for COS as part of an IVF/ICSI cycle with age ranging from 18 to 41 years.,Their age ranged from 18 to 41 years.,"Women aged 18-41 who were undergoing fertility treatment, such as in vitro fertilization (IVF) or intracytoplasmic sperm injection (ICSI), participated in the studies."
CD009577,4,rephrase,"There was evidence of a reduced live birth rate in women who received lower doses (60 to 120 μg) of long-acting FSH compared to daily FSH (RR 0.70, 95% CI 0.52 to 0.93; 645 participants, three studies; I² statistic = 0%).",There was evidence of a reduced live birth rate in women who received lower doses (60 to 120 μg) of weekly FSH when compared to daily FSH.,Women who took lower doses of a type of hormone called long-acting FSH had fewer live births compared to women who took the hormone every day.
CD009577,5,rephrase,"There was no evidence a difference between the groups in live births in the medium dose (150 to 180 μg) subgroup (RR 1.03, 95% CI 0.90 to 1.18; 1685 participants, four studies; I² statistic = 6%).",There was no evidence of a difference in live birth rates between medium dose (150 to 180 μg) weekly FSH and daily FSH.,There was no difference in the number of babies born between two groups when they received a medium dose of a certain treatment (150-180 micrograms).
CD009577,6,rephrase,"There was no evidence of a difference between the groups in the clinical pregnancy rate (any dose), ongoing pregnancy rate (any dose), multiple pregnancy rate (any dose), miscarriage rate (low or medium dose), ectopic pregnancy rate (any dose), congenital malformation rate, congenital malformation rate; major or minor (low or medium dose).","Only one study used a high dose of weekly FSH, so we cannot make conclusions about this dosage group.There was no evidence of a difference between the groups in OHSS rate.",There was no difference in the chances of getting pregnant and having a healthy baby between people who took any amount of the treatment and those who didn't.
CD009577,7,rephrase,The use of a medium dose (150 to 180 μg) of long-acting FSH is a safe treatment option and equally effective compared to daily FSH in women with unexplained subfertility.,We concluded that medium dose (150 to 180 μg) weekly FSH is a safe treatment option and is as effective in terms of life birth rate as daily FSH injections.,"Using a moderate amount of a long-lasting hormone called FSH can be just as good for treating infertility problems in women, and it's considered a safe choice."
CD009577,8,rephrase,There was evidence of reduced live birth rate in women receiving a low dose (60 to 120 μg) of long-acting FSH compared to daily FSH.,The studies used different dosages of weekly FSH ranging from 60 to 240 μg.,"Women who took a lower-dose, long-lasting hormone injection had fewer babies than those who took the hormone every day."
CD012301,0,rephrase,Five studies met the inclusion criteria.,We searched databases from their inception to August 2018 and found five studies that met the inclusion criteria.,Five research projects qualified to be included in our analysis.
CD012301,1,split,"Three included studies compared extended-field RT versus pelvic RT, one included study compared extended-field RT with pelvic CRT, and one study compared extended-field CRT versus pelvic CRT.",Three studies compared extended-field RT versus pelvic RT. None of these three studies compared against the current gold-standard of pelvic CRT. One study compared extended-field RT versus pelvic CRT and one study compared extended-field CRT versus pelvic CRT.,Researchers compared three different types of radiation therapy treatments: one that targets a wider area and two others that target just the pelvic region.
CD012301,2,rephrase,"Extended-field radiotherapy versus pelvic radiotherapy alone
Compared to pelvic RT, extended-field RT probably reduces the risk of death (hazard ratio (HR) 0.67, 95% confidence interval (CI) 0.48 to 0.94; 1 study; 337 participants; moderate-certainty evidence) and para-aortic lymph node recurrence (risk ratio (RR) 0.36, 95% CI 0.18 to 0.70; 2 studies; 477 participants; moderate-certainty evidence), although there may or may not have been improvement in the risk of disease progression (HR 0.92, 95% CI 0.69 to 1.22; 1 study; 337 participants; moderate-certainty evidence) and severe adverse events (RR 1.05, 95% CI 0.79 to 1.41; 2 studies; 776 participants; moderate-certainty evidence).","Compared with pelvic RT alone, women given extended-field RT may have been less likely to die and probably were less likely to have a cervical cancer come back (recurrence) in the para-aortic lymph nodes.","Compared to a more limited treatment, using radiation therapy that covers a wider area may help people live longer and reduce the chance of cancer coming back in certain areas, but it's unclear if this approach also improves how well the disease is controlled or reduces severe side effects."
CD012301,3,rephrase,"Extended-field radiotherapy versus pelvic chemoradiotherapy
In a comparison of extended-field RT versus pelvic CRT, women given pelvic CRT probably had a lower risk of death (HR 0.50, 95% CI 0.39 to 0.64; 1 study; 389 participants; moderate-certainty evidence) and disease progression (HR 0.52, 95% CI 0.37 to 0.72; 1 study; 389 participants; moderate-certainty evidence).","In a comparison of extended-field RT alone versus pelvic CRT, women given pelvic CRT were probably less likely to die or have recurrence of their cancer.",Women who received a combination of chemotherapy and radiation therapy focused on the pelvic area were less likely to die or see their cancer worsen compared to those who received extended-field radiation therapy alone.
CD012301,4,rephrase,"Participants given extended-field RT may or may not have had a lower risk of para-aortic lymph node recurrence (HR 0.44, 95% CI 0.20 to 0.99; 1 study; 389 participants; low-certainty evidence) and acute severe adverse events (RR 0.05, 95% CI 0.02 to 0.11; 1 study; 388 participants; moderate-certainty evidence).",Women given extended-field RT alone may have been less likely to experience a recurrence within the para-aortic lymph nodes and have had adverse events during or shortly after treatment.,"People who received a more extensive type of radiation therapy may have had a lower chance of the cancer coming back in certain lymph nodes and also experienced fewer severe side effects from treatment, but the quality of the evidence is not very strong."
CD012301,5,rephrase,"There were no clear differences in terms of late severe adverse events among the comparison groups (RR 1.06, 95% CI 0.69 to 1.62; 1 study; 386 participants; moderate-certainty evidence).",There were no clear differences regarding the late adverse events between the two groups.,The different treatment groups did not have significantly more serious side effects than each other.
CD012301,7,rephrase,"There were no clear differences between the groups in the risks of para-aortic lymph node recurrence (RR 0.19, 95% CI 0.02 to 1.54; very low-certainty evidence) and severe adverse events (acute: RR 0.95, 95% CI 0.20 to 4.39; late: RR 0.95, 95% CI 0.06 to 14.59; very low-certainty evidence).",There were no clear differences in the chances of experiencing a cancer recurrence in the para-aortic lymph nodes and severe side effects between the groups.,There were no significant differences in the rate of cancer returning near the aorta or serious side effects between the different groups studied.
CD012301,8,rephrase,"Moderate-certainty evidence shows that, compared with pelvic RT alone, extended-field RT probably improves overall survival and reduces risk of para-aortic lymph node recurrence.","We are moderately certain that, compared with pelvic RT alone, extended-field RT probably improves overall survival and reduces risk of para-aortic lymph node recurrence.",Studies show that adding more areas to radiation treatment can help people live longer and reduce the chance of cancer coming back in a specific area.
CD012301,9,rephrase,"However, pelvic RT alone would now be considered substandard treatment, so this result cannot be extrapolated to modern standards of care.","However, pelvic RT alone would now not be considered the standard of care in women well enough to receive CRT, so these results should be reviewed with caution and cannot be extrapolated to modern treatment techniques.","Pelvic radiation therapy on its own is no longer considered a good enough treatment option today, so we can't compare our results to current medical practices."
CD012301,10,rephrase,"Low- to moderate-certainty evidence suggests that pelvic CRT may increase overall and progression-free survival compared to extended-field RT, although there may or may not be a higher rate of para-aortic recurrence and acute adverse events.","Low- to moderate-certainty evidence supports the use of pelvic CRT rather than extended-field RT alone, as it appears to reduce the risk of death and cancer progression.","Studies show that a type of radiation treatment focused on the pelvis can help people with cancer live longer and have fewer symptoms than another type of radiation treatment, but it might also increase the risk of some complications."
CD012301,11,rephrase,"Extended-field CRT versus pelvic CRT may improve overall or progression-free survival, but these findings should be interpreted with caution due to very low-certainty evidence.",Evidence comparing extended-field CRT to pelvic CRT was very low certainty regarding outcomes and it may or may not improve survival.,"Comparing two treatments for cancer, extended-field radiation therapy and pelvic radiation therapy, shows that one might be slightly better at helping patients live longer without the disease coming back. However, this result is uncertain because the available evidence is not strong."
CD011968,0,rephrase,We included four trials (three parallel-group RCTs and one cross-over trial) involving a total of 139 participants.,We examined the evidence from four randomised controlled trials (studies where participants are randomly assigned to one of two or more treatment groups) of rPMS involving a total of 139 participants.,We looked at four studies with a total of 139 people who took part.
CD011968,1,rephrase,This result was unchanged from the review published in 2019.,The current result is unchanged from the review published in 2019.,The findings were the same as those reported last year.
CD011968,7,rephrase,"We observed a decrease in spasticity of the elbow at the end of follow-up (MD −0.41, 95% CI −0.89 to 0.07; 1 trial; 63 participants; low-certainty evidence) when comparing rPMS plus rehabilitation versus sham rPMS plus rehabilitation.",Two studies compared rPMS plus rehabilitation versus sham plus rehabilitation.,"When people with a condition that causes stiffness in their elbow received real treatment along with physical therapy, they had less stiffness at the end of the study compared to those who got fake treatment and physical therapy."
CD011968,10,rephrase,"Based on the GRADE approach, we judged the certainty of evidence related to the primary outcome as low, owing to the small sample size of the studies.","We classified the quality of the evidence as low for improving activities of daily living, mainly because one study had a small sample size.",We didn't have enough reliable information from a large group of people to be sure about the main effect being studied.
CD011968,11,rephrase,There is insufficient evidence to permit the drawing of any conclusions about routine use of rPMS for people after stroke.,It remains unclear whether rPMS is useful in improving activities of daily living and functional ability in people after stroke.,We don't have enough research to know if a certain treatment called rPMS helps people who have had a stroke.
CD011968,12,rephrase,Additional trials with large sample sizes are needed to provide robust evidence for rPMS after stroke.,More trials involving larger numbers of participants are needed to determine the effects of rPMS.,"More studies with a lot of participants are required to confirm if rPMS (a treatment) really helps people who have had a stroke. Note: I replaced ""robust evidence"" with ""confirm"", and kept the technical term ""rPMS"" as it is, assuming that the audience is familiar with it or can look it up."
CD009467,0,rephrase,"Our search located 17 eligible records reporting on 11 unique studies with 297,994 participants; the studies examined academic outcomes, amount and quality of sleep, mental health indicators, attendance, and student alertness.","The evidence included in this review is current as of February 2016 and is based on 17 reports representing 11 unique studies in 297,994 high school students.","We found 17 relevant studies involving over 297,000 people that looked at how education, sleep, mental health, attendance, and being alert in class affect students."
CD009467,4,rephrase,"Four studies examined the association between later school start times and academic outcomes, reporting mixed results.","We found that later school start times may provide academic benefits, but results of four studies provided mixed findings.","Researchers looked at whether starting school later affects students' grades and test scores, but they found different answers."
CD009467,5,rephrase,"Six studies examined effects on total amount of sleep and reported significant, positive relationships between later school start times and amount of sleep.","Later school starts were associated with an increase in school-night sleep for students based on the synthesis of two studies, and evidence from six other studies also supported the relationship between later school starts and increased sleep duration.",Research found that schools starting later in the day are linked to students getting more sleep.
CD009467,6,rephrase,"One study provided information concerning mental health outcomes, reporting an association between decreased depressive symptoms and later school start times.",One study reported that students in later starting schools reported fewer depressive symptoms than their peers in earlier starting schools.,Research found that starting school later can help reduce depression in students.
CD009467,9,ignore,"There was limited indication of potential adverse effects on logistics, as the qualitative portions of one study reported less interaction between parents and children, and another reported staffing and scheduling difficulties.","These interventions may also have potential adverse effects on logistics, as the qualitative portions of one study reported less interaction between parents and children, and another reported staffing and scheduling difficulties.","Some studies suggested that a program might cause problems with how things are organized, such as parents interacting less with their kids or having trouble finding staff to work at certain times."
CD009467,10,rephrase,"Because of the insufficient evidence, we cannot draw firm conclusions concerning adverse effects at this time.","Again, because of the limited and very low-quality evidence, we cannot draw any firm conclusions about the adverse effects of later school start times.",We can't say for sure if there are any bad side effects right now because we don't have enough information.
CD010664,0,rephrase,We included 10 randomised trials (836 participants) in this review.,We included 10 randomised trials (836 participants).,We looked at data from 10 studies involving a total of 836 people.
CD010664,2,rephrase,The quality of the evidence for the effects of CBT on patients with chronic NP was from very low to moderate.,The quality of evidence in this review ranged between “very low” and “moderate”.,"The research shows that cognitive behavioral therapy (CBT) has a mixed effect on people with long-term nerve pain, and we can't be sure how well it works."
CD010664,6,rephrase,"Finally, there was very low quality evidence that CBT in addition to another intervention did not differ from the other intervention alone in terms of effect on pain (SMD -0.36, 95% CI -0.73 to 0.02) and disability (SMD -0.10, 95% CI -0.56 to 0.36) at short-term follow-up.","Also, there was very low quality evidence that CBT added to another intervention was no better at improving pain and disability than the other intervention alone .","There was very little evidence that combining cognitive behavioral therapy with another treatment did not make a significant difference in reducing pain or disability compared to just using the other treatment alone, at least in the short term."
CD010664,7,split,"For patients with subacute NP, there was low quality evidence that CBT was better than other interventions at reducing pain at short-term follow-up (SMD -0.24, 95% CI -0.48 to 0.00), while no difference was found in terms of effect on disability (SMD -0.12, 95% CI -0.36 to 0.12) and kinesiophobia.","For subacute NP, there was low quality evidence that CBT was statistically significantly better than other types of interventions (e.g. manual therapy or education) for improving pain, but this effect was not clinically relevant. No difference was found in terms of disability and fear of movement.","For people with a short-term neck pain problem, studies showed that talking therapy (cognitive behavioral therapy or CBT) might help reduce their pain more than other treatments in the short term, but it didn't seem to make much difference for how well they could move around."
CD010664,8,rephrase,None of the included studies reported on adverse effects.,None of the included studies reported on whether any adverse effects related to cognitive-behavioural therapy were observed.,None of the studies mentioned any negative side effects.
CD010664,9,rephrase,"With regard to chronic neck pain, CBT was found to be statistically significantly more effective for short-term pain reduction only when compared to no treatment, but these effects could not be considered clinically meaningful.","With regard to chronic NP, CBT was statistically significantly better than no treatment at improving pain, disability, and quality of life, but these effects could not be considered clinically meaningful.","For people with long-term neck pain, talking therapy (CBT) worked a little better than doing nothing in the short term, but it didn't make a big enough difference to really help."
CD010664,10,rephrase,"When comparing both CBT to other types of interventions and CBT in addition to another intervention to the other intervention alone, no differences were found.","No differences between CBT and other types of interventions (e.g. medication, education, physiotherapy, manual therapy, and exercises) were found in terms of pain and disability; there was moderate quality evidence that CBT was better than other interventions in improving fear of movement.","Comparing cognitive behavioral therapy (CBT) to other treatments, or using CBT along with another treatment, showed that it doesn't make a difference."
CD004716,1,rephrase,"The review now includes 24 relevant studies, with 2126 participants.",This update is based on a search run in 2012; the review now includes 24 randomised studies with a total of 2126 people.,"The review has been updated to include results from 24 important studies involving a total of 2,126 people."
CD004716,2,rephrase,"Overall, the evidence was very low quality.","Overall, the quality of evidence from these studies was very low.",The research findings were based on weak and unreliable data.
CD004716,3,rephrase,"We found no significant differences in the primary outcomes of relapse, hospitalisation and general functioning between supportive therapy and standard care.","The studies compared supportive therapy either with standard care alone or a range of other therapies such as CBT, family therapy and psychoeducation.","Our study showed that patients who received extra support did just as well as those who only got regular treatment when it came to avoiding a setback, needing to go to the hospital, and being able to function normally."
CD004716,8,rephrase,"There were very limited data to compare supportive therapy with family therapy and psychoeducation, and no studies provided data regarding clinically important change in general functioning, one of our primary outcomes of interest.","There was very limited information to compare supportive therapy with family therapy and psychoeducation as most studies in this review focused on other psychological therapies, such as CBT.","We didn't have enough information from previous studies to compare the effectiveness of supportive therapy, family therapy, and education on helping people function normally in daily life."
CD004716,9,split,There are insufficient data to identify a difference in outcome between supportive therapy and standard care.,"There is not enough information or data to identify any real therapeutic difference between supportive therapy and standard care. In summary, there does not seem to be much difference between supportive therapy, standard care and other therapies.",We don't have enough information to tell if getting extra support helps patients more than usual treatment.
CD004716,10,split,"There are several outcomes, including hospitalisation and general mental state, indicating advantages for other psychological therapies over supportive therapy but these findings are based on a few small studies where we graded the evidence as very low quality.","There are several outcomes, including hospitalisation, satisfaction with treatment and general mental state, indicating advantages for other psychological therapies over supportive therapy. However, these findings are limited because they are based on only a few small studies where the quality of evidence is very low.","Research suggests that some types of therapy may be more effective than others in treating certain conditions, but it's hard to know for sure because most of the studies were too small and not very reliable."
CD004716,11,rephrase,Future research would benefit from larger trials that use supportive therapy as the main treatment arm rather than the comparator.,Future research would benefit from larger studies where supportive therapy is the main treatment.,"Future studies should focus on bigger experiments where a helpful treatment approach is used as the main option, instead of comparing it to another method."
